null;
0;GOVPE
null;
100000100;SEI
null;
50;ADAGRO
10;ADEPE
56;AGE
42;APAC
66;ARPE
4;ATI
27;CAMIL
35;CASA CIVIL
9;CBMPE
72;CEDCA
73;CEHAB
5;CEPE
65;COMPESA
57;CONDEPE/FIDEM
79;COPERGAS
38;CPRH
31;CTM
76;DER
43;DETRAN - PE
77;DPPE
71;EMPETUR
75;EPC
21;EPTI
46;FACEPE
15;FUNAPE
32;FUNASE
59;FUNDARPE
34;GABGOV
0;GOVPE
41;HEMOPE
52;IASSEPE
68;IPA
70;IPEM
49;ITERPE
11;JUCEPE
53;LAFEPE
26;NORONHA
7;PCPE
29;PERPART
16;PGE
6;PMPE
69;PORTODORECIFE
67;PROCON
12;PRORURAL
17;SAD
36;SAESPRI
22;SAS
3;SCGE
80;SCJ
39;SDA
30;SDEC
8;SDS
23;SEAP
47;SECHAB
64;SECMULHER
19;SECOM
28;SECTI
74;SECULT
40;SEDEPE
62;SEDUH
25;SEE
37;SEFAZ
45;SEMAS
58;SEMOBI
60;SEPE
55;SEPLAG
33;SES
81;SESP
44;SETUR
20;SJDHPV
54;SPVD
78;SRHS
61;SUAPE
51;UPE
24;VG
null;
110021658;BP - PCPE
110015766;PCPE - APMC - DIA
110000368;PCPE - ASSDIGEPE
110000419;PCPE - COORDPLAN
110022101;PCPE - COORDPLAN - 1ª EQ
110022102;PCPE - COORDPLAN - 2ª EQ
110022103;PCPE - COORDPLAN - 3ª EQ
110022104;PCPE - COORDPLAN - 4ª EQ
110000416;PCPE - COORDPPOL
110012423;PCPE - COORDPPOL - COORD
110000418;PCPE - COPLAM
110016339;PCPE - COPLAM - CMA
110000415;PCPE - CORE
110019655;PCPE - CORE - AUDITORIA ARMAS
110016551;PCPE - CORE - COLETES
110019656;PCPE - CORE - DEST REST ARMAS
110019658;PCPE - CORE - DIRETORIA
110002982;PCPE - CORE - DIVCAL
110002981;PCPE - CORE - DIVPLAN
110002979;PCPE - CORE - DPRIE
110015819;PCPE - CORE - DRONES
110018007;PCPE - CORE - III COTE
110015430;PCPE - CORE - NIAF
110016933;PCPE - CORE - NIAF-DESTRUICAO
110021590;PCPE - CORE - PRESOS
110016575;PCPE - CORE - PROJETOS
110002976;PCPE - CORE - UNAPLOG
110002716;PCPE - CORE - UNIFALOP
110002978;PCPE - CORE - UNIOPE
110002977;PCPE - CORE - UNIOT
110000417;PCPE - CPO
110002714;PCPE - DENARC
110002983;PCPE - DENARC - ASSDENARC
110003681;PCPE - DENARC - ASSPCPE
110002987;PCPE - DENARC - DIVAD/DENARC
110002988;PCPE - DENARC - DIVPEC
110022421;PCPE - DENARC - NAI
110002984;PCPE - DENARC - 1ª DPRN
110003377;PCPE - DENARC - 10ª DPRN
110003378;PCPE - DENARC - 11ª DPRN
110003379;PCPE - DENARC - 12ª DPRN
110002985;PCPE - DENARC - 2ª DPRN
110002986;PCPE - DENARC - 3ª DPRN
110003371;PCPE - DENARC - 4ª DPRN
110003372;PCPE - DENARC - 5ª DPRN
110003373;PCPE - DENARC - 6ª DPRN
110003374;PCPE - DENARC - 7ª DPRN
110003375;PCPE - DENARC - 8ª DPRN
110003376;PCPE - DENARC - 9ª DPRN
110002706;PCPE - DEPATRI
110003098;PCPE - DEPATRI - DIVAD/DEPATRI
110003099;PCPE - DEPATRI - DIVAOP
110003097;PCPE - DEPATRI - DPDT
110003095;PCPE - DEPATRI - DPRE
110003091;PCPE - DEPATRI - DPRF
110003093;PCPE - DEPATRI - DPRFC
110003092;PCPE - DEPATRI - DPRFV
110003096;PCPE - DEPATRI - DPTUR
110015300;PCPE - DEPATRI - DPTUR - ADM
110015299;PCPE - DEPATRI - DPTUR - CART
110015298;PCPE - DEPATRI - DPTUR - CSET
110015301;PCPE - DEPATRI - DPTUR - ESTAT
110015302;PCPE - DEPATRI - DPTUR - INV
110003090;PCPE - DEPATRI - NIDEPATRI
110019693;PCPE - DG - AAJE
110000411;PCPE - DG - AAJE - UNAJUR
110000412;PCPE - DG - AAJE - UNESTAC
110000408;PCPE - DG - AAJE - UNICEV
110000410;PCPE - DG - AECI
110000396;PCPE - DG - ASCOM
110002710;PCPE - DHPP
110003051;PCPE - DHPP - ASSDHPP
110003052;PCPE - DHPP - CFTDHPP
110015653;PCPE - DHPP - CFTH - PLAN
110003053;PCPE - DHPP - DDPP
110003062;PCPE - DHPP - DIVAD/DHPP
110003063;PCPE - DHPP - DIVAES
110003065;PCPE - DHPP - DIVATVIN
110003064;PCPE - DHPP - DIVCIN
110003060;PCPE - DHPP - DPI
110014824;PCPE - DHPP - NFTH
110003054;PCPE - DHPP - 1ª DPH
110003055;PCPE - DHPP - 2ª DPH
110003057;PCPE - DHPP - 3ª DPH
110003058;PCPE - DHPP - 4ª DPH
110003059;PCPE - DHPP - 5ª DPH
110000405;PCPE - DIAG
110018219;PCPE - DIAG - ASSCONPU
110002898;PCPE - DIAG - ASSDIAG
110003682;PCPE - DIAG - ASSPCPE
110019852;PCPE - DIAG - ATMC
110016300;PCPE - DIAG - CPAABE
110008693;PCPE - DIAG - CPAB
110002899;PCPE - DIAG - CPL
110005000;PCPE - DIAG - DIARIAS
110002913;PCPE - DIAG - DIVAG
110002914;PCPE - DIAG - DIVALM
110002903;PCPE - DIAG - DIVALOG
110002915;PCPE - DIAG - DIVBA
110002901;PCPE - DIAG - DIVCOMPRAS
110002905;PCPE - DIAG - DIVCON
110020963;PCPE - DIAG - DIVCOND
110002909;PCPE - DIAG - DIVFLAPE
110020962;PCPE - DIAG - DIVLAD
110002912;PCPE - DIAG - DIVMAN
110002720;PCPE - DIAG - DIVOR
110002911;PCPE - DIAG - DIVPAT
110002920;PCPE - DIAG - DIVPPRO
110002907;PCPE - DIAG - DIVPREST
110020244;PCPE - DIAG - DIVPREST-DIARIAS
110002902;PCPE - DIAG - DIVPROT/DIAG
110002906;PCPE - DIAG - DIVTES
110020935;PCPE - DIAG - DIVTES - DIARIAS
110016637;PCPE - DIAG - FUNREPOL
110020939;PCPE - DIAG - GAB
110016593;PCPE - DIAG - GAB - DIARIAS
110019694;PCPE - DIAG - PAAPS
110018218;PCPE - DIAG - SEPLAN
110018008;PCPE - DIAG - SPACP
110006903;PCPE - DIAG - SUPRIMENTOS
110015275;PCPE - DIAG - TERMOREF
110002900;PCPE - DIAG - UNEATEM
110016136;PCPE - DIAG - UNEATEM - AGUA
110016137;PCPE - DIAG - UNEATEM - ENERG
110016135;PCPE - DIAG - UNEATEM - TMOVEL
110002904;PCPE - DIAG - UNEFIN
110020519;PCPE - DIAG - UNEPROJ
110020803;PCPE - DIAG - UNEPROJ-HUB EXEC
110002721;PCPE - DIAG - UNICCON - ADM
110012598;PCPE - DIAG - UNICCON - CONADM
110012599;PCPE - DIAG - UNICCON - CONV
110012596;PCPE - DIAG - UNICCON - IMOV
110020961;PCPE - DIAG - UNIFAP
110002916;PCPE - DIAG - UNIFROTA
110002918;PCPE - DIAG - UNIFROTA - DICAS
110019643;PCPE - DIAG - UNIFROTA - MANUT
110011919;PCPE - DIAG - UNIFROTA - SA
110002917;PCPE - DIAG - UNIFROTA- DIMAVE
110011920;PCPE - DIAG - UNIFROTA-MULTAS
110002910;PCPE - DIAG - UNILOG
110014884;PCPE - DIAG - UNILOG - CCRBI
110014883;PCPE - DIAG - UNILOG - CCRBM
110010992;PCPE - DIAG - UNILOG - GRÁFICA
110018052;PCPE - DIAG - UNILOG - REMOVE
110002908;PCPE - DIAG - UNIPAE
110002919;PCPE - DIAG - UNIPLANOR
110020784;PCPE - DIAG -UNEPROJ-PROTOCOLO
110022270;PCPE - DIAG-UNILOG- CONTRATOS
110000420;PCPE - DIFARME
110000365;PCPE - DIGEPE
110015524;PCPE - DIGEPE - CEP
110000399;PCPE - DIGEPE - DIVAD
110000391;PCPE - DIGEPE - DIVAE
110000384;PCPE - DIGEPE - DIVCAP
110000380;PCPE - DIGEPE - DIVDAP
110000377;PCPE - DIGEPE - DIVDI
110000383;PCPE - DIGEPE - DIVFOP
110000375;PCPE - DIGEPE - DIVFUNG
110000374;PCPE - DIGEPE - DIVJUST
110000373;PCPE - DIGEPE - DIVPORT
110021728;PCPE - DIGEPE - DIVPORT - BP
110000395;PCPE - DIGEPE - DIVPROT
110000392;PCPE - DIGEPE - DIVSEL
110000382;PCPE - DIGEPE - DIVSERV
110001365;PCPE - DIGEPE - IDENT FUNC
110016376;PCPE - DIGEPE - MUSEU
110000385;PCPE - DIGEPE - POLIPCPE
110000389;PCPE - DIGEPE - POLIPCPE-CAPEL
110000386;PCPE - DIGEPE - POLIPCPE-DIVSA
110000381;PCPE - DIGEPE - UNIAP
110000376;PCPE - DIGEPE - UNICADE
110019957;PCPE - DIGEPE - UNICADE - CAPS
110015591;PCPE - DIGEPE - UNICADE - GOGP
110000379;PCPE - DIGEPE - UNICADE -DIVAD
110013566;PCPE - DIGEPE - UNICADE-CAPCCV
110000370;PCPE - DIGEPE - UNIMOPE
110019103;PCPE - DIGEPE - UNIMOPE-USO-EX
110021447;PCPE - DIGEPE -DIVCAP-PRONASCI
110019089;PCPE - DIGEPE -DIVMESO-TRIAGEM
110021342;PCPE - DIGEPE -PROJETO ACOLHER
110000576;PCPE - DIGEPE-POLIPCPE-DIVASP
110000388;PCPE - DIGEPE-POLIPCPE-DIVASS
110020412;PCPE - DIGEPE-POLIPCPE-DIVMESO
110000398;PCPE - DIM
110002673;PCPE - DIM - CEPLANC
110004751;PCPE - DIM - CEPLANC - EQ 1
110004760;PCPE - DIM - CEPLANC - EQ 10
110004761;PCPE - DIM - CEPLANC - EQ 11
110004762;PCPE - DIM - CEPLANC - EQ 12
110004763;PCPE - DIM - CEPLANC - EQ 13
110004764;PCPE - DIM - CEPLANC - EQ 14
110004765;PCPE - DIM - CEPLANC - EQ 15
110004766;PCPE - DIM - CEPLANC - EQ 16
110004767;PCPE - DIM - CEPLANC - EQ 17
110004752;PCPE - DIM - CEPLANC - EQ 2
110004753;PCPE - DIM - CEPLANC - EQ 3
110004754;PCPE - DIM - CEPLANC - EQ 4
110004755;PCPE - DIM - CEPLANC - EQ 5
110004756;PCPE - DIM - CEPLANC - EQ 6
110004757;PCPE - DIM - CEPLANC - EQ 7
110004758;PCPE - DIM - CEPLANC - EQ 8
110004759;PCPE - DIM - CEPLANC - EQ 9
110003127;PCPE - DIM - DIVAPLOM
110003128;PCPE - DIM - DIVPLOM
110003158;PCPE - DIM - DP 1ª CIRC
110003167;PCPE - DIM - DP 10ª CIRC
110003168;PCPE - DIM - DP 11ª CIRC
110003169;PCPE - DIM - DP 12ª CIRC
110003172;PCPE - DIM - DP 13ª CIRC
110003173;PCPE - DIM - DP 14ª CIRC
110003175;PCPE - DIM - DP 15ª CIRC
110003163;PCPE - DIM - DP 16ª CIRC
110003176;PCPE - DIM - DP 17ª CIRC
110003177;PCPE - DIM - DP 18ª CIRC
110003159;PCPE - DIM - DP 2ª CIRC
110003181;PCPE - DIM - DP 20ª CIRC
110003182;PCPE - DIM - DP 21ª CIRC
110003183;PCPE - DIM - DP 22ª CIRC
110003184;PCPE - DIM - DP 23ª CIRC
110003185;PCPE - DIM - DP 24ª CIRC
110003186;PCPE - DIM - DP 25ª CIRC
110003187;PCPE - DIM - DP 26ª CIRC
110003188;PCPE - DIM - DP 27ª CIRC
110003189;PCPE - DIM - DP 28ª CIRC
110003190;PCPE - DIM - DP 29ª CIRC
110003160;PCPE - DIM - DP 3ª CIRC
110003191;PCPE - DIM - DP 30ª CIRC
110003192;PCPE - DIM - DP 31ª CIRC
110003193;PCPE - DIM - DP 32ª CIRC
110003194;PCPE - DIM - DP 33ª CIRC
110003195;PCPE - DIM - DP 34ª CIRC
110003196;PCPE - DIM - DP 35ª CIRC
110003197;PCPE - DIM - DP 37ª CIRC
110003198;PCPE - DIM - DP 38ª CIRC
110003199;PCPE - DIM - DP 39ª CIRC
110003161;PCPE - DIM - DP 4ª CIRC
110003200;PCPE - DIM - DP 40ª CIRC
110003201;PCPE - DIM - DP 41ª CIRC
110003202;PCPE - DIM - DP 42ª CIRC
110003203;PCPE - DIM - DP 43ª CIRC
110003174;PCPE - DIM - DP 5ª CIRC
110003162;PCPE - DIM - DP 6ª CIRC
110003164;PCPE - DIM - DP 7ª CIRC
110003165;PCPE - DIM - DP 8ª CIRC
110003166;PCPE - DIM - DP 9ª CIRC
110003116;PCPE - DIM - GCOM
110003117;PCPE - DIM - 1ª DESEC
110003179;PCPE - DIM - 1ª DP 19ª CIRC
110003126;PCPE - DIM - 10ª DESEC
110004959;PCPE - DIM - 19 CIRC - EQ 1
110004960;PCPE - DIM - 19 CIRC - EQ 2
110004961;PCPE - DIM - 19 CIRC - EQ 3
110004962;PCPE - DIM - 19 CIRC - EQ 4
110003118;PCPE - DIM - 2ª DESEC
110003180;PCPE - DIM - 2ª DP 19ª CIRC
110019617;PCPE - DIM - 20 CIRC - EQ 1
110019618;PCPE - DIM - 20 CIRC - EQ 2
110019619;PCPE - DIM - 20 CIRC - EQ 3
110019620;PCPE - DIM - 20 CIRC - EQ 4
110005193;PCPE - DIM - 28 CIRC - EQ 1
110005194;PCPE - DIM - 28 CIRC - EQ 2
110005195;PCPE - DIM - 28 CIRC - EQ 3
110005196;PCPE - DIM - 28 CIRC - EQ 4
110003119;PCPE - DIM - 3ª DESEC
110003120;PCPE - DIM - 4ª DESEC
110006676;PCPE - DIM - 40ª CIRC - EQ 1
110006678;PCPE - DIM - 40ª CIRC - EQ 2
110006679;PCPE - DIM - 40ª CIRC - EQ 3
110006680;PCPE - DIM - 40ª CIRC - EQ 4
110003121;PCPE - DIM - 5ª DESEC
110003122;PCPE - DIM - 6ª DESEC
110014706;PCPE - DIM - 7ª CIRC - EQ 1
110014707;PCPE - DIM - 7ª CIRC - EQ 2
110014708;PCPE - DIM - 7ª CIRC - EQ 3
110014709;PCPE - DIM - 7ª CIRC - EQ 4
110003123;PCPE - DIM - 7ª DESEC
110003124;PCPE - DIM - 8ª DESEC
110003125;PCPE - DIM - 9ª DESEC
110000409;PCPE - DINTEL
110014721;PCPE - DINTEL - CELLEBRITE AGR
110014722;PCPE - DINTEL - CELLEBRITE REC
110019724;PCPE - DINTEL - CIBERLAB
110002948;PCPE - DINTEL - COORDINTEL
110003686;PCPE - DINTEL - COORPCPE
110002960;PCPE - DINTEL - DIVA
110002959;PCPE - DINTEL - DIVOP
110007463;PCPE - DINTEL - LABLD
110015605;PCPE - DINTEL - LABLD CARUARU
110015478;PCPE - DINTEL - LABLD-ANALISE
110017460;PCPE - DINTEL - NI - ARCOVERDE
110002974;PCPE - DINTEL - NI PETROLINA
110002966;PCPE - DINTEL - NIDECASP
110002968;PCPE - DINTEL - NIDECCOT
110002964;PCPE - DINTEL - NIDENARC
110002965;PCPE - DINTEL - NIDEPATRI
110002963;PCPE - DINTEL - NIDHPP
110005004;PCPE - DINTEL - NIDIM
110017482;PCPE - DINTEL - NIDPCA
110017483;PCPE - DINTEL - NIDPMUL
110011608;PCPE - DINTEL - NIDRACCO1
110011566;PCPE - DINTEL - NIDRACCO2
110002962;PCPE - DINTEL - NIGCOE
110002967;PCPE - DINTEL - NIGOE
110012255;PCPE - DINTEL - NIZM
110002970;PCPE - DINTEL - NI11ªDES/DITR1
110016923;PCPE - DINTEL - NI14ª-18ªDESEC
110002973;PCPE - DINTEL - NI23ªDES/DITR1
110017951;PCPE - DINTEL - NRA
110002958;PCPE - DINTEL - UAA
110002955;PCPE - DINTEL - UBE
110002954;PCPE - DINTEL - UCO
110014387;PCPE - DINTEL - UIS
110002956;PCPE - DINTEL - UOP
110002953;PCPE - DINTEL - UTA
110020685;PCPE - DINTEL-UOP-PERMANENCIA
110000400;PCPE - DINTER 1
110002719;PCPE - DINTER 1 - DHA
110003356;PCPE - DINTER 1 - DP 100ª CIRC
110003359;PCPE - DINTER 1 - DP 101ªCIRC
110003361;PCPE - DINTER 1 - DP 102ª CIRC
110003363;PCPE - DINTER 1 - DP 103ª CIRC
110002992;PCPE - DINTER 1 - DP 104ª CIRC
110002993;PCPE - DINTER 1 - DP 105ª CIRC
110002994;PCPE - DINTER 1 - DP 106ª CIRC
110003383;PCPE - DINTER 1 - DP 107ª CIRC
110002995;PCPE - DINTER 1 - DP 108ª CIRC
110002996;PCPE - DINTER 1 - DP 109ª CIRC
110002997;PCPE - DINTER 1 - DP 110ª CIRC
110003384;PCPE - DINTER 1 - DP 111ª CIRC
110002998;PCPE - DINTER 1 - DP 112ª CIRC
110002999;PCPE - DINTER 1 - DP 113ª CIRC
110003000;PCPE - DINTER 1 - DP 114ª CIRC
110003001;PCPE - DINTER 1 - DP 115ª CIRC
110003002;PCPE - DINTER 1 - DP 116ª CIRC
110003003;PCPE - DINTER 1 - DP 117ª CIRC
110003004;PCPE - DINTER 1 - DP 118ª CIRC
110003005;PCPE - DINTER 1 - DP 119ª CIRC
110003006;PCPE - DINTER 1 - DP 120ª CIRC
110003007;PCPE - DINTER 1 - DP 121ª CIRC
110003008;PCPE - DINTER 1 - DP 122ª CIRC
110003236;PCPE - DINTER 1 - DP 123ª CIRC
110003009;PCPE - DINTER 1 - DP 124ª CIRC
110003010;PCPE - DINTER 1 - DP 125ª CIRC
110003011;PCPE - DINTER 1 - DP 126ª CIRC
110003012;PCPE - DINTER 1 - DP 127ª CIRC
110003386;PCPE - DINTER 1 - DP 128ª CIRC
110003391;PCPE - DINTER 1 - DP 129ª CIRC
110003397;PCPE - DINTER 1 - DP 130ª CIRC
110003398;PCPE - DINTER 1 - DP 131ª CIRC
110003013;PCPE - DINTER 1 - DP 132ª CIRC
110003014;PCPE - DINTER 1 - DP 133ª CIRC
110003399;PCPE - DINTER 1 - DP 134ª CIRC
110003403;PCPE - DINTER 1 - DP 135ª CIRC
110003406;PCPE - DINTER 1 - DP 136ª CIRC
110003408;PCPE - DINTER 1 - DP 137ª CIRC
110003410;PCPE - DINTER 1 - DP 138ª CIRC
110003411;PCPE - DINTER 1 - DP 139ª CIRC
110003414;PCPE - DINTER 1 - DP 140ª CIRC
110003420;PCPE - DINTER 1 - DP 141ª CIRC
110003427;PCPE - DINTER 1 - DP 142ª CIRC
110003433;PCPE - DINTER 1 - DP 143ª CIRC
110003434;PCPE - DINTER 1 - DP 144ª CIRC
110003435;PCPE - DINTER 1 - DP 145ª CIRC
110003367;PCPE - DINTER 1 - DP 146ª CIRC
110003444;PCPE - DINTER 1 - DP 147ª CIRC
110003447;PCPE - DINTER 1 - DP 148ª CIRC
110003450;PCPE - DINTER 1 - DP 149ª CIRC
110003451;PCPE - DINTER 1 - DP 150ª CIRC
110003452;PCPE - DINTER 1 - DP 151ª CIRC
110003453;PCPE - DINTER 1 - DP 152ª CIRC
110003454;PCPE - DINTER 1 - DP 153ª CIRC
110003455;PCPE - DINTER 1 - DP 154ª CIRC
110003456;PCPE - DINTER 1 - DP 155ª CIRC
110003210;PCPE - DINTER 1 - DP 45ª CIRC
110003211;PCPE - DINTER 1 - DP 46ª CIRC
110003213;PCPE - DINTER 1 - DP 47ª CIRC
110003214;PCPE - DINTER 1 - DP 48ª CIRC
110003215;PCPE - DINTER 1 - DP 49ª CIRC
110003216;PCPE - DINTER 1 - DP 50ª CIRC
110003219;PCPE - DINTER 1 - DP 51ª CIRC
110003222;PCPE - DINTER 1 - DP 52ª CIRC
110003223;PCPE - DINTER 1 - DP 53ª CIRC
110003225;PCPE - DINTER 1 - DP 54ª CIRC
110003226;PCPE - DINTER 1 - DP 55ª CIRC
110003227;PCPE - DINTER 1 - DP 56ª CIRC
110003228;PCPE - DINTER 1 - DP 57ª CIRC
110003229;PCPE - DINTER 1 - DP 58ª CIRC
110003230;PCPE - DINTER 1 - DP 59ª CIRC
110003232;PCPE - DINTER 1 - DP 60ª CIRC
110003239;PCPE - DINTER 1 - DP 61ª CIRC
110003240;PCPE - DINTER 1 - DP 62ª CIRC
110003242;PCPE - DINTER 1 - DP 63ª CIRC
110003245;PCPE - DINTER 1 - DP 64ª CIRC
110003246;PCPE - DINTER 1 - DP 65ª CIRC
110003250;PCPE - DINTER 1 - DP 66ª CIRC
110003253;PCPE - DINTER 1 - DP 67ª CIRC
110003255;PCPE - DINTER 1 - DP 68ª CIRC
110003257;PCPE - DINTER 1 - DP 69ª CIRC
110003275;PCPE - DINTER 1 - DP 70ª CIRC
110003276;PCPE - DINTER 1 - DP 71ª CIRC
110003277;PCPE - DINTER 1 - DP 72ª CIRC
110003278;PCPE - DINTER 1 - DP 73ª CIRC
110003279;PCPE - DINTER 1 - DP 74ª CIRC
110003280;PCPE - DINTER 1 - DP 75ª CIRC
110003281;PCPE - DINTER 1 - DP 76ª CIRC
110003282;PCPE - DINTER 1 - DP 77ª CIRC
110003283;PCPE - DINTER 1 - DP 78ª CIRC
110003284;PCPE - DINTER 1 - DP 79ª CIRC
110003323;PCPE - DINTER 1 - DP 80ª CIRC
110003322;PCPE - DINTER 1 - DP 81ª CIRC
110003324;PCPE - DINTER 1 - DP 82ª CIRC
110003325;PCPE - DINTER 1 - DP 83ª CIRC
110003326;PCPE - DINTER 1 - DP 84ª CIRC
110003327;PCPE - DINTER 1 - DP 85ª CIRC
110003328;PCPE - DINTER 1 - DP 86ª CIRC
110003329;PCPE - DINTER 1 - DP 87ª CIRC
110003330;PCPE - DINTER 1 - DP 88ª CIRC
110003331;PCPE - DINTER 1 - DP 89ª CIRC
110003332;PCPE - DINTER 1 - DP 90ª CIRC
110003333;PCPE - DINTER 1 - DP 91ª CIRC
110003334;PCPE - DINTER 1 - DP 92ª CIRC
110003335;PCPE - DINTER 1 - DP 93ª CIRC
110003336;PCPE - DINTER 1 - DP 94ª CIRC
110003337;PCPE - DINTER 1 - DP 95ª CIRC
110003339;PCPE - DINTER 1 - DP 96ª CIRC
110003342;PCPE - DINTER 1 - DP 97ª CIRC
110003343;PCPE - DINTER 1 - DP 98ª CIRC
110003344;PCPE - DINTER 1 - DP 99ª CIRC
110002989;PCPE - DINTER 1 - GCOI 1
110021417;PCPE - DINTER 1 - GSO - SINESP
110003207;PCPE - DINTER 1 - 11ª DESEC
110003206;PCPE - DINTER 1 - 12ª DESEC
110003218;PCPE - DINTER 1 - 13ª DESEC
110003220;PCPE - DINTER 1 - 14ª DESEC
110015836;PCPE - DINTER 1 - 14ª D-PÁTIO
110002990;PCPE - DINTER 1 - 15ª DESEC
110002991;PCPE - DINTER 1 - 16ª DESEC
110003221;PCPE - DINTER 1 - 17ª DESEC
110003224;PCPE - DINTER 1 - 18ª DESEC
110008902;PCPE - DINTER 1 - 90CIRC-EQ1
110008903;PCPE - DINTER 1 - 90CIRC-EQ2
110008904;PCPE - DINTER 1 - 90CIRC-EQ3
110008905;PCPE - DINTER 1 - 90CIRC-EQ4
110003208;PCPE - DINTER 1-1ª DP 44ª CIRC
110003209;PCPE - DINTER 1-2ª DP 44ª CIRC
110000401;PCPE - DINTER 2
110003144;PCPE - DINTER 2 - DIVAPLIN 2
110003151;PCPE - DINTER 2 - DIVPLOI 2
110003285;PCPE - DINTER 2 - DP 156ª CIRC
110003286;PCPE - DINTER 2 - DP 157ª CIRC
110003287;PCPE - DINTER 2 - DP 158ª CIRC
110003288;PCPE - DINTER 2 - DP 159ª CIRC
110003289;PCPE - DINTER 2 - DP 160ª CIRC
110003290;PCPE - DINTER 2 - DP 161ª CIRC
110003291;PCPE - DINTER 2 - DP 162ª CIRC
110003292;PCPE - DINTER 2 - DP 163ª CIRC
110003293;PCPE - DINTER 2 - DP 164ª CIRC
110003314;PCPE - DINTER 2 - DP 165ª CIRC
110003294;PCPE - DINTER 2 - DP 166ª CIRC
110003295;PCPE - DINTER 2 - DP 167ª CIRC
110003296;PCPE - DINTER 2 - DP 168ª CIRC
110003297;PCPE - DINTER 2 - DP 169ª CIRC
110003298;PCPE - DINTER 2 - DP 170ª CIRC
110003299;PCPE - DINTER 2 - DP 171ª CIRC
110003300;PCPE - DINTER 2 - DP 172ª CIRC
110003301;PCPE - DINTER 2 - DP 173ª CIRC
110003302;PCPE - DINTER 2 - DP 174ª CIRC
110003303;PCPE - DINTER 2 - DP 175ª CIRC
110003304;PCPE - DINTER 2 - DP 176ª CIRC
110003307;PCPE - DINTER 2 - DP 177ª CIRC
110003308;PCPE - DINTER 2 - DP 178ª CIRC
110003309;PCPE - DINTER 2 - DP 179ª CIRC
110003305;PCPE - DINTER 2 - DP 180ª CIRC
110003310;PCPE - DINTER 2 - DP 181ª CIRC
110003311;PCPE - DINTER 2 - DP 182ª CIRC
110003312;PCPE - DINTER 2 - DP 183ª CIRC
110003313;PCPE - DINTER 2 - DP 184ª CIRC
110003306;PCPE - DINTER 2 - DP 185ª CIRC
110003315;PCPE - DINTER 2 - DP 186ª CIRC
110003316;PCPE - DINTER 2 - DP 187ª CIRC
110003317;PCPE - DINTER 2 - DP 188ª CIRC
110003318;PCPE - DINTER 2 - DP 189ª CIRC
110003319;PCPE - DINTER 2 - DP 190ª CIRC
110003320;PCPE - DINTER 2 - DP 191ª CIRC
110003321;PCPE - DINTER 2 - DP 192ª CIRC
110003400;PCPE - DINTER 2 - DP 193ª CIRC
110003401;PCPE - DINTER 2 - DP 194ª CIRC
110003402;PCPE - DINTER 2 - DP 195ª CIRC
110003404;PCPE - DINTER 2 - DP 196ª CIRC
110003405;PCPE - DINTER 2 - DP 197ª CIRC
110003407;PCPE - DINTER 2 - DP 198ª CIRC
110003409;PCPE - DINTER 2 - DP 199ª CIRC
110003412;PCPE - DINTER 2 - DP 200ª CIRC
110003413;PCPE - DINTER 2 - DP 201ª CIRC
110003415;PCPE - DINTER 2 - DP 202ª CIRC
110003416;PCPE - DINTER 2 - DP 203ª CIRC
110003417;PCPE - DINTER 2 - DP 204ª CIRC
110003418;PCPE - DINTER 2 - DP 205ª CIRC
110003419;PCPE - DINTER 2 - DP 206ª CIRC
110003421;PCPE - DINTER 2 - DP 207ª CIRC
110003422;PCPE - DINTER 2 - DP 208ª CIRC
110003423;PCPE - DINTER 2 - DP 209ª CIRC
110003424;PCPE - DINTER 2 - DP 210ª CIRC
110003425;PCPE - DINTER 2 - DP 211ª CIRC
110003426;PCPE - DINTER 2 - DP 212ª CIRC
110003429;PCPE - DINTER 2 - DP 213ª CIRC
110003430;PCPE - DINTER 2 - DP 214ª CIRC
110003428;PCPE - DINTER 2 - DP 215ª CIRC
110003431;PCPE - DINTER 2 - DP 216ª CIRC
110003432;PCPE - DINTER 2 - DP 217ª CIRC
110000406;PCPE - DINTER 2 - GCOI 2
110003132;PCPE - DINTER 2 - 19ª DESEC
110003133;PCPE - DINTER 2 - 20ª DESEC
110003134;PCPE - DINTER 2 - 21ª DESEC
110008705;PCPE - DINTER 2 - 213ª - EQ 1
110008707;PCPE - DINTER 2 - 213ª - EQ 2
110008708;PCPE - DINTER 2 - 213ª - EQ 3
110008709;PCPE - DINTER 2 - 213ª - EQ 4
110003135;PCPE - DINTER 2 - 22ª DESEC
110003136;PCPE - DINTER 2 - 23ª DESEC
110003140;PCPE - DINTER 2 - 23ª DPH
110003137;PCPE - DINTER 2 - 24ª DESEC
110003141;PCPE - DINTER 2 - 24ª DPH
110003138;PCPE - DINTER 2 - 25ª DESEC
110003143;PCPE - DINTER 2 - 25ª DPH
110003139;PCPE - DINTER 2 - 26ª DESEC
110003238;PCPE - DINTER1 - DIVAPLIN 1
110003241;PCPE - DINTER1 - DIVIPLOI 1
110003243;PCPE - DINTER1 - SAPLOG/DHA
110003244;PCPE - DINTER1 - SERCON/DHA
110003247;PCPE - DINTER1 - 16ª DPH
110003248;PCPE - DINTER1 - 17ª DPH
110003249;PCPE - DINTER1 - 18ª DPH
110003251;PCPE - DINTER1 - 19ª DPH
110003252;PCPE - DINTER1 - 20ª DPH
110003254;PCPE - DINTER1 - 21ª DPH
110003256;PCPE - DINTER1 - 22ª DPH
110000402;PCPE - DIRESP
110003385;PCPE - DIRESP - DECASP
110003382;PCPE - DIRESP - DECON
110003394;PCPE - DIRESP - DELINTER
110003347;PCPE - DIRESP - DENARC
110003389;PCPE - DIRESP - DEPOMA
110003390;PCPE - DIRESP - DEPRIM
110002717;PCPE - DIRESP - DHMN
110002718;PCPE - DIRESP - DHMS
110003370;PCPE - DIRESP - DIVAPLE
110003396;PCPE - DIRESP - DIVPLOE
110003395;PCPE - DIRESP - DP 36ª CIRC
110016759;PCPE - DIRESP - FTSP
110003338;PCPE - DIRESP - GCOE
110002722;PCPE - DIRESP - GOE
110003387;PCPE - DIRESP - NIDECASP
110003381;PCPE - DIRESP - NIDECCOT
110003340;PCPE - DIRESP - NIGCOE
110003392;PCPE - DIRESP - NIGOE
110011353;PCPE - DIRESP - PLAN DPH PAUL
110003388;PCPE - DIRESP - POLINTER
110003357;PCPE - DIRESP - SAPLOG/DHMN
110003368;PCPE - DIRESP - SAPLOG/DHMS
110003358;PCPE - DIRESP - SERCON/DHMN
110003369;PCPE - DIRESP - SERCON/DHMS
110003355;PCPE - DIRESP - 10ª DPH
110003360;PCPE - DIRESP - 11ª DPH
110003362;PCPE - DIRESP - 12ª DPH
110003364;PCPE - DIRESP - 13ª DPH
110003365;PCPE - DIRESP - 14ª DPH
110003366;PCPE - DIRESP - 15ª DPH
110003351;PCPE - DIRESP - 6ª DPH
110003352;PCPE - DIRESP - 7ª DPH
110003353;PCPE - DIRESP - 8ª DPH
110003354;PCPE - DIRESP - 9ª DPH
110017438;PCPE - DIRESP-FTBANCO-AGRESTE
110017437;PCPE - DIRESP-FTBANCO-CAPITAL
110017436;PCPE - DIRESP-FTBANCOSERTAO1
110017435;PCPE - DIRESP-FTBANCOSERTAO2
110000414;PCPE - DIVAC
110000413;PCPE - DIVCAC
110002711;PCPE - DPCA
110003041;PCPE - DPCA - ASSDPCA
110003684;PCPE - DPCA - ASSPCPE
110003048;PCPE - DPCA - DECCA
110017666;PCPE - DPCA - DECCA PLANTAO
110015206;PCPE - DPCA - DENUNCIAS
110002713;PCPE - DPCA - DEPAI
110011220;PCPE - DPCA - DEPAI - EQ 1
110011221;PCPE - DPCA - DEPAI - EQ 2
110011222;PCPE - DPCA - DEPAI - EQ 3
110011223;PCPE - DPCA - DEPAI - EQ 4
110005168;PCPE - DPCA - DEPAI - PLANTAO
110003047;PCPE - DPCA - DIVAT
110003046;PCPE - DPCA - DIVDES
110003045;PCPE - DPCA - DIVEST
110002712;PCPE - DPCA - UNIAT
110003042;PCPE - DPCA - UNIPRAI
110003043;PCPE - DPCA - UNIPRECCA
110003044;PCPE - DPCA - 1ª DPCCAI
110003049;PCPE - DPCA - 2ª DPCCAI
110002715;PCPE - DPMUL
110003100;PCPE - DPMUL - ASSDPMUL
110003685;PCPE - DPMUL - ASSPCPE
110003101;PCPE - DPMUL - NUPREM
110003102;PCPE - DPMUL - 1ª DEAM
110012356;PCPE - DPMUL - 1ª DEAM - EQ 1
110012357;PCPE - DPMUL - 1ª DEAM - EQ 2
110012358;PCPE - DPMUL - 1ª DEAM - EQ 3
110012359;PCPE - DPMUL - 1ª DEAM - EQ 4
110003111;PCPE - DPMUL - 10ª DEAM
110003112;PCPE - DPMUL - 11ª DEAM
110003113;PCPE - DPMUL - 12ª DEAM
110003114;PCPE - DPMUL - 13ª DEAM
110003115;PCPE - DPMUL - 14ª DEAM
110020108;PCPE - DPMUL - 14ª DEAM PLAN
110016391;PCPE - DPMUL - 15ª DEAM
110016566;PCPE - DPMUL - 15ª DEAM - EQ1
110016567;PCPE - DPMUL - 15ª DEAM - EQ2
110016568;PCPE - DPMUL - 15ª DEAM - EQ3
110016569;PCPE - DPMUL - 15ª DEAM - EQ4
110020109;PCPE - DPMUL - 15ª DEAM PLAN
110016392;PCPE - DPMUL - 16ª DEAM
110016389;PCPE - DPMUL - 17ª DEAM
110022324;PCPE - DPMUL - 197MULHER
110003103;PCPE - DPMUL - 2ª DEAM
110012832;PCPE - DPMUL - 2ª DEAM - EQ 1
110012833;PCPE - DPMUL - 2ª DEAM - EQ 2
110012834;PCPE - DPMUL - 2ª DEAM - EQ 3
110012835;PCPE - DPMUL - 2ª DEAM - EQ 4
110020105;PCPE - DPMUL - 2ª DEAM PLAN
110003104;PCPE - DPMUL - 3ª DEAM
110020106;PCPE - DPMUL - 3ª DEAM PLAN
110003105;PCPE - DPMUL - 4ª DEAM
110020107;PCPE - DPMUL - 4ª DEAM PLAN
110003106;PCPE - DPMUL - 5ª DEAM
110012836;PCPE - DPMUL - 5ª DEAM - EQ 1
110012837;PCPE - DPMUL - 5ª DEAM - EQ 2
110012838;PCPE - DPMUL - 5ª DEAM - EQ 3
110012839;PCPE - DPMUL - 5ª DEAM - EQ 4
110017496;PCPE - DPMUL - 5ª DEAM PLAN
110003107;PCPE - DPMUL - 6ª DEAM
110003108;PCPE - DPMUL - 7ª DEAM
110003109;PCPE - DPMUL - 8ª DEAM
110003110;PCPE - DPMUL - 9ª DEAM
110007001;PCPE - DRACCO
110016311;PCPE - DRACCO - ASSDRACCO
110007329;PCPE - DRACCO - CAPTURAS
110007330;PCPE - DRACCO - DECCOT
110003393;PCPE - DRACCO - DPCRICI
110018205;PCPE - DRACCO - FICCO
110022195;PCPE - DRACCO - FICCO - PNZ
110007328;PCPE - DRACCO - GOE
110007935;PCPE - DRACCO - NIDRACCO
110019969;PCPE - DRACCO - PERMANÊNCIA
110007009;PCPE - DRACCO - 1ª DECCOR
110007080;PCPE - DRACCO - 2ª DECCOR
110011935;PCPE - DRACCO - 3ª DECCOR
110011936;PCPE - DRACCO - 4ª DECCOR
110000347;PCPE - DTI
110009550;PCPE - DTI - ARQUIVO DIRETORIA
110017335;PCPE - DTI - CONTRATOS
110016629;PCPE - DTI - DINTER 1
110016630;PCPE - DTI - DINTER 2
110004164;PCPE - DTI - FINANC
110021566;PCPE - DTI - INVENTARIOS
110011515;PCPE - DTI - PLANTÃO
110014638;PCPE - DTI - SD
110004168;PCPE - DTI - TELEM
110000359;PCPE - DTI - UNIATE
110000361;PCPE - DTI - UNIATE - DIVMAE
110004163;PCPE - DTI - UNIATE - EQUIPLOC
110004162;PCPE - DTI - UNIATE - PROT
110000356;PCPE - DTI - UNISA
110000357;PCPE - DTI - UNISUT
110004166;PCPE - DTI - UNISUT - CADASTRO
110000360;PCPE - DTI - UNISUT - DIVREC
110004167;PCPE - DTI - UNISUT - HELPDESK
110004165;PCPE - DTI - UNISUT - SUPTEC
110001811;PCPE - ESPC
110001820;PCPE - ESPC - CERT
110015450;PCPE - ESPC - COORD
110001812;PCPE - ESPC - DIR
110001819;PCPE - ESPC - DIV ESP
110001815;PCPE - ESPC - DIV FIN
110020891;PCPE - ESPC - DOCENTES
110001822;PCPE - ESPC - PERMANENCIA
110001816;PCPE - ESPC - PROTOCOLO
110001813;PCPE - ESPC - SGAB
110001817;PCPE - ESPC - SUP ENS
110001814;PCPE - ESPC- SUP ADM
110013465;PCPE - FT CASO BEATRIZ
110015553;PCPE - GAB - CAPCD
110000390;PCPE - GAB - DG - EXCLUSIVO
110000394;PCPE - GAB - DGA
110014682;PCPE - GAB -DG - DIARIAS
110007936;PCPE - IITB
110020380;PCPE - IITB - APOIOGAB
110011551;PCPE - IITB - ARCRIM
110014977;PCPE - IITB - ASSGAB
110011550;PCPE - IITB - CPD
110020668;PCPE - IITB - DIVAC - OBITOS
110011546;PCPE - IITB - DIVCRIM
110011547;PCPE - IITB - DIVCRIM.RFH
110015281;PCPE - IITB - DIVTEC
110007939;PCPE - IITB - EXPRESSOCIDADAO
110007941;PCPE - IITB - GAB - DIRIC
110012665;PCPE - IITB - GAB - DIVPROJ
110015053;PCPE - IITB - GABINETE
110011553;PCPE - IITB - IDNECROPAP
110011549;PCPE - IITB - IITB.CEPLANC
110014388;PCPE - IITB - LABORATORIO
110015003;PCPE - IITB - NECRO - CARUARU
110015002;PCPE - IITB - NECRO - RECIFE
110015004;PCPE - IITB - NECRO- PETROLINA
110013664;PCPE - IITB - NIF AFOGADOS
110013358;PCPE - IITB - NIF DHPP
110013362;PCPE - IITB - NIF PETROLINA
110014921;PCPE - IITB - NTI
110018484;PCPE - IITB - PERMANENCIA
110015317;PCPE - IITB - PESQCRIM
110010871;PCPE - IITB - PROTOCOLO
110011995;PCPE - IITB - RASTRO
110016458;PCPE - IITB - RASTRO - ARARIP
110016320;PCPE - IITB - RASTRO - ARCOV
110016315;PCPE - IITB - RASTRO - CARUARU
110021416;PCPE - IITB - RASTRO - DEPATRI
110016317;PCPE - IITB - RASTRO - GARANHU
110016316;PCPE - IITB - RASTRO - GRAVATÁ
110016462;PCPE - IITB - RASTRO - NAZARE
110016461;PCPE - IITB - RASTRO - PALMARE
110016319;PCPE - IITB - RASTRO - PETROLI
110016457;PCPE - IITB - RASTRO - SALGUE
110016318;PCPE - IITB - RASTRO - SERRA T
110014390;PCPE - IITB - SECOL
110007937;PCPE - IITB - UTADM
110007938;PCPE - IITB - UTICIV
110007942;PCPE - IITB - UTICIV - DIVAC
110015490;PCPE - IITB - UTICIV - FRAUDES
110015491;PCPE - IITB - UTICIV - LIBERA
110014509;PCPE - IITB - UTICIV - NID
110007940;PCPE - IITB - UTICIV - NUACS
110007943;PCPE - IITB - UTICIV - OFICIOS
110015488;PCPE - IITB - UTICIV - S.EC11
110015489;PCPE - IITB - UTICIV - S.EC12
110020713;PCPE - IITB - UTICIV - S.EC13
110015482;PCPE - IITB - UTICIV - S.EC2
110015483;PCPE - IITB - UTICIV - S.EC3
110015484;PCPE - IITB - UTICIV - S.EC4
110015485;PCPE - IITB - UTICIV - S.EC5
110015486;PCPE - IITB - UTICIV - S.EC7
110015487;PCPE - IITB - UTICIV - S.EC9
110014914;PCPE - IITB - UTICIV -NEONATAL
110007944;PCPE - IITB - UTICIV- PESQPAPI
110007946;PCPE - IITB - UTICIV-EXIGÊNCIA
110007945;PCPE - IITB - UTICR
110015979;PCPE - LAUDOS - AUDIENCIAS
110022567;PCPE - LGPD
110015993;PCPE - PERICIAS CONCLUIDAS
110011081;PCPE - POLICIAIS - CEDIDOS
110000393;PCPE - SEGAB - DG - PROTOCOLO
110004641;PCPE - SEGAB - PJES
110015733;PCPE - SUINT
110015735;PCPE - SUINT - ATEC
110015736;PCPE - SUINT - DII
110015737;PCPE - SUINT - GAC
110015738;PCPE - SUINT - GINT
110015739;PCPE - SUINT - GINV
110015740;PCPE - SUINT - GSP
110015734;PCPE - SUINT - SUPCH
110019730;PCPE - UNAJUR - AAN
110016501;PCPE - UNAJUR - APP
110016500;PCPE - UNAJUR - LCC
110017107;PCPE - 11ª DESEC - PLANTÃO
110011805;PCPE - 12ª DESEC - PLANTÃO
110015854;PCPE - 14ª DESEC - MALHAS
110018565;PCPE - 14ª DESEC - PLANTÃO
110015867;PCPE - 14ª DESEC - PROTOCOLO
110017180;PCPE - 15ª DESEC - PLANTÃO
110022119;PCPE - 17ª DESEC - LAC
110014237;PCPE - 17ª DESEC - PLANTÃO
110013770;PCPE - 18ª DESEC - PLANTÃO
110019403;PCPE - 19ª DESEC - PLANTÃO
110021425;PCPE - 19ª DESEC - SADE
110011195;PCPE - 20ª DESEC - PLANTÃO
110019386;PCPE - 21ª DESEC - PLANTÃO
110016262;PCPE - 23ª DESEC - PLANTÃO
110018011;PCPE - 24ª DESEC - PLANTAO
110001818;PCPE -ESPC - SEC CURSOS
110017175;PCPE -NI26ªD -CELLEBRITE-SRT
110022513;PCPE-DIAG-UNILOG-OP.LIMPAPATIO
110011892;PCPE-DINTER2-NI26ª DESEC-DIVA
110011891;PCPE-DINTER2-NI26ª DESEC-DIVOP
110016574;0
null;
50;ADAGRO
10;ADEPE
56;AGE
42;APAC
66;ARPE
4;ATI
27;CAMIL
35;CASA CIVIL
9;CBMPE
72;CEDCA
73;CEHAB
5;CEPE
65;COMPESA
57;CONDEPE/FIDEM
79;COPERGAS
38;CPRH
31;CTM
76;DER
43;DETRAN - PE
77;DPPE
71;EMPETUR
75;EPC
21;EPTI
46;FACEPE
15;FUNAPE
32;FUNASE
59;FUNDARPE
34;GABGOV
0;GOVPE
41;HEMOPE
52;IASSEPE
68;IPA
70;IPEM
49;ITERPE
11;JUCEPE
53;LAFEPE
26;NORONHA
7;PCPE
29;PERPART
16;PGE
6;PMPE
69;PORTODORECIFE
67;PROCON
12;PRORURAL
17;SAD
36;SAESPRI
22;SAS
3;SCGE
80;SCJ
39;SDA
30;SDEC
8;SDS
23;SEAP
47;SECHAB
64;SECMULHER
19;SECOM
28;SECTI
74;SECULT
40;SEDEPE
62;SEDUH
25;SEE
37;SEFAZ
45;SEMAS
58;SEMOBI
60;SEPE
55;SEPLAG
33;SES
81;SESP
44;SETUR
20;SJDHPV
54;SPVD
78;SRHS
61;SUAPE
51;UPE
24;VG
null;
100000938;Básico
100000969;Básico e Consulta Usuário Externo
100000968;Básico e Externo
100000947;Colaborador (Básico sem Assinatura)
100000961;Desanexar Processos