"ID_UNIDADE_OPERACIONAL","NM_UNIDADE_OPERACIONAL","ID_ENTIDADE","DS_COMPLEMENTO","CD_OPERACIONAL","ID_UNIDADE_OPERACIONAL_PAI","FL_CRIACAO_BO","FL_CRIACAO_BOF","FL_CRIACAO_BOI","FL_CRIACAO_IP","FL_TREINAMENTO","ID_PONTO_REFERENCIA"
92,DELEGACIA DE POLÍCIA DA 002ª CIRCUNSCRIÇÃO - BOA VISTA - DP2ªCIRC DIM/1ªDESEC,1,DP DE BOA VISTA,DP2ªCIRC DIM/1ªDESEC,32,S,S,N,N,N,
93,DELEGACIA DE POLÍCIA DA 003ª CIRCUNSCRIÇÃO - JOANA BEZERRA - DP3ªCIRC DIM/1ªDESEC,1,DP DE JOANA BEZERRA,DP3ªCIRC DIM/1ªDESEC,32,S,N,N,N,N,
94,DELEGACIA DE POLÍCIA DA 004ª CIRCUNSCRIÇÃO - ESPINHEIRO - DP4ªCIRC DIM/2ªDESEC,1,DP DE ESPINHEIRO,DP4ªCIRC DIM/2ªDESEC,33,S,S,N,N,N,
95,DELEGACIA DE POLÍCIA DA 005ª CIRCUNSCRIÇÃO - CASA AMARELA       -       DP5ªCIRC DIM/5ªDESEC,1,DP DE CASA AMARELA,DP5ªCIRC ,33,S,S,N,N,N,
96,DELEGACIA DE POLÍCIA DA 006ª CIRCUNSCRIÇÃO - CORDEIRO - DP6ªCIRC DIM/2ªDESEC,1,DP DE CORDEIRO,DP6ªCIRC DIM/2ªDESEC,33,S,S,N,N,N,
97,DELEGACIA DE POLÍCIA DA 007ª CIRCUNSCRIÇÃO - BOA VIAGEM - DP7ªCIRC DIM/3ªDESEC,1,DP DE BOA VIAGEM,DP7ªCIRC DIM/3ªDESEC,34,S,S,N,N,N,
98,DELEGACIA DE POLÍCIA DA 008ª CIRCUNSCRIÇÃO - JORDÃO - DP8ªCIRC DIM/3ªDESEC,1,DP DE JORDAO,DP8ªCIRC DIM/3ªDESEC,34,S,S,N,N,N,
99,DELEGACIA DE POLÍCIA DA 009ª CIRCUNSCRIÇÃO - IPSEP - DP9ªCIRC DIM/3ªDESEC,1,DP DE IPSEP,DP9ªCIRC DIM/3ªDESEC,34,S,S,N,N,N,
100,DELEGACIA DE POLÍCIA DA 010ª CIRCUNSCRIÇÃO - IBURA    -          DP10ªCIRC DIM/3ªDESEC,1,DP DE IBURA,DP10ªCIRC DIM/3ªDESEC,34,S,S,N,N,N,
101,DELEGACIA DE POLÍCIA DA 011ª CIRCUNSCRIÇÃO - AFOGADOS   -       DP11ªCIRC DIM/4ªDESEC,1,DP DE AFOGADOS,DP11ªCIRC DIM/4ªDESEC,35,S,S,N,N,N,
102,DELEGACIA DE POLÍCIA DA 012ª CIRCUNSCRIÇÃO - JARDIM SÃO PAULO      -         DP12ªCIRC DIM/4ªDESEC,1,DP DE TEJIPIO,DP12ªCIRC ,35,S,S,N,N,N,
103,DELEGACIA DE POLÍCIA DA 013ª CIRCUNSCRIÇÃO - MUSTARDINHA - DP13ªCIRC  DIM/4ªDESEC,1,DP DE MUSTARDINHA,DP13ªCIRC ,35,S,S,N,N,N,
104,DELEGACIA DE POLÍCIA DA 014ª CIRCUNSCRIÇÃO - VÁRZEA           -        DP14ªCIRC DIM/4ªDESEC,1,DP DE VARZEA,DP14ªCIRC ,35,S,S,N,N,N,
105,DELEGACIA DE POLÍCIA DA 015ª CIRCUNSCRIÇÃO - ALTO DO PASCOAL       -       DIM/5ªDESEC,1,DP DE ALTO PASCOAL,DP15ªCIRC ,36,S,S,N,N,N,
106,DELEGACIA DE POLÍCIA DA 016ª CIRCUNSCRIÇÃO - ÁGUA FRIA     -     DP16ªCIRC   DIM/2ªDESEC,1,DP DE AGUA FRIA,DP16ªCIRC DIM/2ªDESEC,33,S,S,N,N,N,
107,DELEGACIA DE POLÍCIA DA 017ª CIRCUNSCRIÇÃO - VASCO DA GAMA       -      DP17ªCIRC   DIM/5ªDESEC,1,DP DE VASCO DA GAMA,DP17ªCIRC,36,S,S,N,N,N,
108,DELEGACIA DE POLÍCIA DA 018ª CIRCUNSCRIÇÃO - MACAXEIRA      -       DP18ªCIRC   DIM/5ªDESEC,1,DP DE MACAXEIRA,DP18ªCIRC,36,S,S,N,N,N,
109,DELEGACIA DE POLÍCIA DA 019ª CIRCUNSCRIÇÃO - PRAZERES       -       DP19ªCIRC   DIM/6ªDESEC,1,DP DE PRAZERES,DP19ªCIRC,37,S,S,N,N,N,
110,DELEGACIA DE POLÍCIA DA 020ª CIRCUNSCRIÇÃO - JABOATÃO DOS GUARARAPES  -  DP20ªCIRC DIM/6ªDESEC,1,DP DE JABOATAO,DP20ªCIRC,37,S,S,N,N,N,
111,DELEGACIA DE POLÍCIA DA 021ª CIRCUNSCRIÇÃO - MORENO     -    DP21ªCIRC  DIM/6ªDESEC,1,DP DE MORENO,DP21ªCIRC,37,S,S,N,N,N,
112,DELEGACIA DE POLÍCIA DA 022ª CIRCUNSCRIÇÃO - PIEDADE       -   DP22ªCIRC  DIM/6ªDESEC,1,DP DE PIEDADE,DP22ªCIRC,37,S,N,N,N,N,
113,DELEGACIA DE POLÍCIA DA 023ª CIRCUNSCRIÇÃO - CAVALEIRO     -   DP23ªCIRC   DIM/6ªDESEC,1,DP DE CAVALEIRO,DP23ªCIRC,37,S,S,N,N,N,
114,DELEGACIA DE POLÍCIA DA 024ª CIRCUNSCRIÇÃO - VARADOURO       -   DP24ªCIRC   DIM/7ªDESEC,1,DP DE VARADOURO,DP24ªCIRC,38,S,S,N,N,N,
115,DELEGACIA DE POLÍCIA DA 025ª CIRCUNSCRIÇÃO - PEIXINHOS       -   DP25ªCIRC   DIM/7ªDESEC,1,DP DE PEIXINHOS,DP25ªCIRC,38,S,S,N,N,N,
116,DELEGACIA DE POLÍCIA DA 026ª CIRCUNSCRIÇÃO - RIO DOCE     -     DP26ªCIRC   DIM/7ªDESEC,1,DP DE RIO DOCE,DP26ªCIRC,38,S,N,N,N,N,
117,DELEGACIA DE POLÍCIA DA 027ª CIRCUNSCRIÇÃO - ABREU E LIMA     -         DP27ªCIRC   DIM/8ªDESEC,1,DP DE ABREU E LIMA,DP27ªCIRC ,39,S,S,N,N,N,
118,DELEGACIA DE POLÍCIA DA 028ª CIRCUNSCRIÇÃO - PAULISTA     -      DP28ªCIRC     DIM/8ªDESEC,1,DP DE PAULISTA,DP28ªCIRC,39,S,S,N,N,N,
119,DELEGACIA DE POLÍCIA DA 029ª CIRCUNSCRIÇÃO - IGARASSU       -      DP29ªCIRC  DIM/8ªDESEC,1,DP DE IGARASSU,DP29ªCIRC,39,S,S,N,N,N,
120,DELEGACIA DE POLÍCIA DA 030ª CIRCUNSCRIÇÃO - ITAMARACÁ       -       DP30ªCIRC     DIM/8ªDESEC,1,DP DE ITAMACARA,DP30ªCIRC,39,S,S,N,N,N,
121,DELEGACIA DE POLÍCIA DA 031ª CIRCUNSCRIÇÃO - ITAPISSUMA       -   DP31ªCIRC    DIM/8ªDESEC,1,DP DE ITAPISSUMA,DP31ªCIRC,39,S,S,N,N,N,
122,DELEGACIA DE POLÍCIA DA 032ª CIRCUNSCRIÇÃO - ENGENHO MARANGUAPE       -      DP32ªCIRC   DIM/8ªDESEC,1,DP DE ENGENHO MARANGUAPE,DP32ªCIRC,39,S,S,N,N,N,
123,DELEGACIA DE POLÍCIA DA 033ª CIRCUNSCRIÇÃO - CRUZ DE REBOUÇAS      -      DP33ªCIRC      DIM/8ªDESEC,1,DP DE CRUZ DE REBOUCAS,DP33ªCIRC,39,S,S,N,N,N,
124,DELEGACIA DE POLÍCIA DA 034ª CIRCUNSCRIÇÃO - MARIA FARINHA       -       DP34ªCIRC    DIM/8ªDESEC,1,DP DE MARIA FARINHA,DP34ªCIRC,39,S,S,N,N,N,
266,DELEGACIA DE POLÍCIA DA 176ª CIRCUNSCRIÇÃO - INGAZEIRA     -     DP176ªCIRC  DINTER2/20ªDESEC,1,DP DE INGAZEIRA,DP176ªCIRC,51,S,S,N,N,N,
267,DELEGACIA DE POLÍCIA DA 177ª CIRCUNSCRIÇÃO - SERRA TALHADA     -     DP177ªCIRC  DINTER2/21ªDESEC,1,DP DE SERRA TALHADA,DP177ªCIRC,52,S,S,N,N,N,
268,DELEGACIA DE POLÍCIA DA 178ª CIRCUNSCRIÇÃO - SÃO JOSÉ DO BELMONTE   -  DP178ªCIRC  DINTER2/21ªDESEC,1,DP DE SAO JOSE DO BELMONTE,DP178ªCIRC,52,S,S,N,N,N,
269,DELEGACIA DE POLÍCIA DA 179ª CIRCUNSCRIÇÃO - FLORES     -    DP179ªCIRC  DINTER2/21ªDESEC,1,DP DE FLORES,DP179ªCIRC,52,S,S,N,N,N,
270,DELEGACIA DE POLÍCIA DA 180ª CIRCUNSCRIÇÃO - CARNAIBA     -     DP101ªCIRC  DINTER2/20ªDESEC,1,DP DE CARNAIBA,DP101ªCIRC,51,S,S,N,N,N,
271,DELEGACIA DE POLÍCIA DA 181ª CIRCUNSCRICAO - TRIUNFO     -     DP181ªCIRC  DINTER2/21ªDESEC,1,DP DE TRIUNFO,DP181ªCIRC,52,S,S,N,N,N,
272,DELEGACIA DE POLÍCIA DA 182ª CIRCUNSCRIÇÃO - BETÂNIA     -     DP182ªCIRC  DINTER2/21ªDESEC,1,DP DE BETANIA,DP182ªCIRC,53,S,S,N,N,N,
273,DELEGACIA DE POLÍCIA DA 183ª CIRCUNSCRIÇÃO - SANTA CRUZ DA BAIXA VERDE - DP183ªCIRC DINTER2/21ªDESEC,1,DP DE SANTA CRUZ DA BAIXA VERDE,DP183ªCIRC,52,S,S,N,N,N,
274,DELEGACIA DE POLÍCIA DA 184ª CIRCUNSCRIÇÃO - CALUMBI     -     DP184ªCIRC  DINTER2/21ªDESEC,1,DP DE CALUMBI,DP184ªCIRC,52,S,S,N,N,N,
275,DELEGACIA DE POLÍCIA DA 185ª CIRCUNSCRIÇÃO - QUIXABA     -     DP185ªCIRC  DINTER2/20ªDESEC,1,DP DE QUIXABA,DP185ªCIRC,52,S,S,N,N,N,
276,DELEGACIA DE POLÍCIA DA 186ª CIRCUNSCRIÇÃO - PETROLÂNDIA     -     DP186ªCIRC  DINTER2/22ªDESEC,1,DP DE PETROLANDIA,DP186ªCIRC,53,S,S,N,N,N,
277,DELEGACIA DE POLÍCIA DA 187ª CIRCUNSCRIÇÃO - FLORESTA     -     DP187ªCIRC  DINTER2/22ªDESEC,1,DP DE FLORESTA,DP187ªCIRC,53,S,S,N,N,N,
278,DELEGACIA DE POLÍCIA DA 188ª CIRCUNSCRIÇÃO - BELÉM DE SÃO FRANCISCO  -   DP188ªCIRC DINTER2/22ªDESEC,1,DP DE BELEM DE SAO FRANCISCO,DP188ªCIRC,53,S,S,N,N,N,
279,DELEGACIA DE POLÍCIA DA 189ª CIRCUNSCRIÇÃO - TACARATU     -     DP189ªCIRC  DINTER2/22ªDESEC,1,DP DE TACARATU,DP189ªCIRC,53,S,S,N,N,N,
280,DELEGACIA DE POLÍCIA DA 190ª CIRCUNSCRIÇÃO - JATOBÁ     -     DP190ªCIRC  DINTER2/22ªDESEC,1,DP DE JATOBA,DP190ªCIRC,53,S,S,N,N,N,
281,DELEGACIA DE POLÍCIA DA 191ª CIRCUNSCRIÇÃO - CARNAUBEIRA DA PENHA   -   DP191ªCIRC  DINTER2/22ªDESEC,1,DP DE CARNAUBEIRA DA PENHA,DP191ªCIRC,53,S,S,N,N,N,
282,DELEGACIA DE POLÍCIA DA 192ª CIRCUNSCRIÇÃO - ITACURUBA     -     DP192ªCIRC  DINTER2/22ªDESEC,1,DP DE ITACURUBA,DP192ªCIRC,53,S,S,N,N,N,
283,DELEGACIA DE POLÍCIA DA 193ª CIRCUNSCRIÇÃO - SALGUEIRO     -     DP193ªCIRC  DINTER2/23ªDESEC,1,DP DE SALGUEIRO,DP193ªCIRC,54,S,S,N,N,N,
284,DELEGACIA DE POLÍCIA DA 194ª CIRCUNSCRIÇÃO - PARNAMIRIM    -    DP194CIRC  DINTER2/23ªDESEC,1,DP DE PARNAMIRIM,DP194CIRC,54,S,S,N,N,N,
285,DELEGACIA DE POLÍCIA DA 195ª CIRCUNSCRIÇÃO - SERRITA      -     DP195ªCIRC  DINTER2/23ªDESEC,1,DP DE SERRITA,DP195ªCIRC,54,S,S,N,N,N,
286,DELEGACIA DE POLÍCIA DA 196ª CIRCUNSCRIÇÃO - MIRANDIBA     -     DP196ªCIRC  DINTER2/23ªDESEC,1,DP DE MIRANDIBA,DP196ªCIRC,54,S,S,N,N,N,
287,DELEGACIA DE POLÍCIA DA 197ª CIRCUNSCRIÇÃO - CEDRO     -     DP197ªCIRC  DINTER2/23ªDESEC,1,DP DE CEDRO,DP197ªCIRC,54,S,S,N,N,N,
288,DELEGACIA DE POLÍCIA DA 198ª CIRCUNSCRIÇÃO - VERDEJANTE     -     DP198ªCIRC  DINTER2/23ªDESEC,1,DP DE VERDEJANTE,DP198ªCIRC,54,S,S,N,N,N,
289,DELEGACIA DE POLÍCIA DA 199ª CIRCUNSCRIÇÃO - TERRA NOVA     -     DP199ªCIRC  DINTER2/23ªDESEC,1,DP DE TERRA NOVA,DP199ªCIRC,54,S,S,N,N,N,
290,DELEGACIA DE POLÍCIA DA 200ª CIRCUNSCRIÇÃO - ARARIPINA    -     DP200ªCIRC  DINTER2/24ªDESEC,1,DP DE ARARIPINA,DP200ªCIRC,55,S,S,N,N,N,
291,DELEGACIA DE POLÍCIA DA 201ª CIRCUNSCRIÇÃO - OURICURI     -     DP201ªCIRC  DINTER2/24ªDESEC,1,DP DE OURICURI,DP201ªCIRC,55,S,S,N,N,N,
292,DELEGACIA DE POLÍCIA DA 202ª CIRCUNSCRIÇÃO - EXU     -     DP202ªCIRC  DINTER2/24ªDESEC,1,DP DE EXU,DP202ªCIRC,55,S,S,N,N,N,
293,DELEGACIA DE POLÍCIA DA 203ª CIRCUNSCRIÇÃO - BODOCÓ     -     DP203ªCIRC  DINTER2/24ªDESEC,1,DP DE BODOCO,DP203ªCIRC,55,S,S,N,N,N,
294,DELEGACIA DE POLÍCIA DA 204ª CIRCUNSCRIÇÃO - IPUBI     -     DP204ªCIRC  DINTER2/24ªDESEC,1,DP DE IPUBI,DP204ªCIRC,55,S,S,N,N,N,
295,DELEGACIA DE POLÍCIA DA 205ª CIRCUNSCRIÇÃO - TRINDADE     -     DP205ªCIRC  DINTER2/24ªDESEC,1,DP DE TRINDADE,DP205ªCIRC,55,S,S,N,N,N,
296,DELEGACIA DE POLÍCIA DA 206ª CIRCUNSCRIÇÃO - SANTA FILOMENA     -     DP206ªCIRC  DINTER2/24ªDESEC,1,DP DE SANTA FILOMENA,DP206ªCIRC,55,S,S,N,N,N,
297,DELEGACIA DE POLÍCIA DA 207ª CIRCUNSCRIÇÃO - SANTA CRUZ DE MALTA   -   DP207ªCIRC  DINTER2/24ªDESEC,1,DP DE SANTA CRUZ DE MALTA,DP207ªCIRC,55,S,S,N,N,N,
298,DELEGACIA DE POLÍCIA DA 208ª CIRCUNSCRIÇÃO - MOREILÂNDIA     -     DP208ªCIRC  DINTER2/24ªDESEC,1,DP DE MOREILANDIA,DP208ªCIRC,55,S,S,N,N,N,
299,DELEGACIA DE POLÍCIA DA 209ª CIRCUNSCRIÇÃO - GRANITO     -     DP209ªCIRC  DINTER2/24ªDESEC,1,DP DE GRANITO,DP209ªCIRC,55,S,S,N,N,N,
300,DELEGACIA DE POLÍCIA DA 210ª CIRCUNSCRIÇÃO - SANTA MARIA DA BOA VISTA - DP210ªCIRC  DINTER2/25ªDESEC,1,DP DE SANTA MARIA DA BOA VISTA,DP210ªCIRC,56,S,S,N,N,N,
301,DELEGACIA DE POLÍCIA DA 211ª CIRCUNSCRIÇÃO - CABROBÓ     -     DP211ªCIRC  DINTER2/25ªDESEC,1,DP DE CABROBO,DP211ªCIRC,56,S,S,N,N,N,
302,DELEGACIA DE POLÍCIA DA 212ª CIRCUNSCRIÇÃO - OROCÓ     -     DP212ªCIRC  DINTER2/25ªDESEC,1,DP DE OROCO,DP212ªCIRC,56,S,S,N,N,N,
303,DELEGACIA DE POLÍCIA DA 213ª CIRCUNSCRIÇÃO - PETROLINA     -    DP213ªCIRC  DINTER2/26ªDESEC,1,DP DE PETROLINA,DP213ªCIRC,57,S,S,N,N,N,
304,DELEGACIA DE POLÍCIA DA 214ª CIRCUNSCRIÇÃO - PETROLINA     -     DP214ªCIRC  DINTER2/26ªDESEC,1,DP DE PETROLINA,DP214ªCIRC,57,S,S,N,N,N,
305,DELEGACIA DE POLÍCIA DA 215ª CIRCUNSCRIÇÃO - LAGOA GRANDE     -     DP215ªCIRC   DINTER2/26ªDESEC,1,DP DE LAGOA GRANDE,DP215ªCIRC,57,S,S,N,N,N,
306,DELEGACIA DE POLÍCIA DA 216ª CIRCUNSCRIÇÃO - AFRÂNIO     -     DP216ªCIRC  DINTER2/26ªDESEC,1,DP DE AFRANIO,DP216ªCIRC,57,S,S,N,N,N,
307,DELEGACIA DE POLÍCIA DA 217ª CIRCUNSCRIÇÃO - DORMENTES     -     P217ªCIRC  DINTER2/26ªDESEC,1,DP DE DORMENTES,DP217ªCIRC,57,S,S,N,N,N,
91,DELEGACIA DE POLÍCIA DA 001ª CIRCUNSCRIÇÃO - RIO BRANCO - DP1ªCIRC DIM/1ªDESEC,1,DP DE RIO BRANCO,DP1ªCIRC DIM/1ªDESEC,32,S,S,N,N,N,
125,DELEGACIA DE POLÍCIA DA 035ª CIRCUNSCRIÇÃO - ARACOIABA       -     DP35ªCIRC  DIM/8ªDESEC,1,DP DE ARACOIABA,DP35ªCIRC,39,S,N,N,N,N,
126,DELEGACIA DE POLÍCIA DA 036ª CIRCUNSCRIÇÃO - FERNANDO DE NORONHA     -     DP36ªCIRC   DIRESP,1,DP DE FERNANDO DE NORONHA,DP36ªCIRC,4122,S,S,N,N,N,
127,DELEGACIA DE POLÍCIA DA 037ª CIRCUNSCRIÇÃO - CAMARAGIBE      -      DP37ªCIRC  DIM/9ªDESEC,1,DP DE CAMARAGIBE,DP37ªCIRC,40,S,S,N,N,N,
128,DELEGACIA DE POLÍCIA DA 038ª CIRCUNSCRIÇÃO - SÃO LOURENÇO DA MATA     -     DP38ªCIRC   DIM/9ªDESEC,1,DP DE SAO LOURENCO DA MATA,DP38ªCIRC,40,S,S,N,N,N,
129,DELEGACIA DE POLÍCIA DA 039ª CIRCUNSCRIÇÃO - ALDEIA     -     DP39ªCIRC    DIM/9ªDESEC,1,DP DE ALDEIA,DP39ªCIRC,40,S,N,N,N,N,
130,DELEGACIA DE POLÍCIA DA 040ª CIRCUNSCRIÇÃO - CABO DE SANTO AGOSTINHO    -    DP40ªCIRC  DIM/10ªDESEC,1,DP DE CABO DE SANTO AGOSTINHO,DP40ªCIRC,41,S,S,N,N,N,
131,DELEGACIA DE POLÍCIA DA 041ª CIRCUNSCRIÇÃO - PONTE DOS CARVALHOS      -      DP41ªCIRC  DIM/10ªDESEC,1,DP DE PONTE DOS CARVALHOS,DP41ªCIRC,41,S,S,N,N,N,
132,DELEGACIA DE POLÍCIA DA 042ª CIRCUNSCRIÇÃO - IPOJUCA     -     DP42ªCIRC   DIM/10ªDESEC,1,DP DE IPOJUCA,DP42ªCIRC,41,S,S,N,N,N,
133,DELEGACIA DE POLÍCIA DA 043ª CIRCUNSCRIÇÃO - PORTO DE GALINHAS     -     DP43ªCIRC  DIM/10ªDESEC,1,DP DE PORTO DE GALINHAS,DP43ªCIRC,41,S,S,N,N,N,
134,DELEGACIA DE POLÍCIA DA 044ª CIRCUNSCRIÇÃO - GOIANA    -    DP44ªCIRC  DINTER1/11ªDESEC,1,DP DE GOIANA,DP44ªCIRC,42,S,S,N,N,N,
135,DELEGACIA DE POLÍCIA DA 045ª CIRCUNSCRIÇÃO - CARPINA     -     DP45ªCIRC  DINTER1/11ªDESEC,1,DP DE CARPINA,DP45ªCIRC,42,S,S,N,N,N,
136,DELEGACIA DE POLÍCIA DA 046ª CIRCUNSCRIÇÃO - TIMBAUBA     -     DP46ªCIRC  DINTER1/11ªDESEC,1,DP DE TIMBAUBA,DP46ªCIRC,42,S,S,N,N,N,
137,DELEGACIA DE POLÍCIA DA 047ª CIRCUNSCRIÇÃO - PAUDALHO     -     DP47ªCIRC  DINTER1/11ªDESEC,1,DP DE PAUDALHO,DP47ªCIRC,42,S,S,N,N,N,
138,DELEGACIA DE POLÍCIA DA 048ª CIRCUNSCRIÇÃO - ALIANÇA     -     DP48ªCIRC  DINTER1/11ªDESEC,1,DP DE ALIANCA,DP48ªCIRC,42,S,S,N,N,N,
139,DELEGACIA DE POLÍCIA DA 049ª CIRCUNSCRIÇÃO - ITAMBÉ     -     DP49ªCIRC  DINTER1/11ªDESEC,1,DP DE ITAMBE,DP49ªCIRC,42,S,S,N,N,N,
140,DELEGACIA DE POLÍCIA DA 050ª CIRCUNSCRIÇÃO - NAZARÉ DA MATA     -     DP50ªCIRC  DINTER1/11ªDESEC,1,DP DE NAZARE DA MATA,DP50ªCIRC,42,S,S,N,N,N,
141,DELEGACIA DE POLÍCIA DA 051ª CIRCUNSCRIÇÃO - VICÊNCIA     -     DP51ªCIRC  DINTER1/11ªDESEC,1,DP DE VICENCIA,DP51ªCIRC,42,S,S,N,N,N,
142,DELEGACIA DE POLÍCIA DA 052ª CIRCUNSCRIÇÃO - MACAPARANA     -     DP52ªCIRC DINTER1/11ªDESEC,1,DP DE MACAPARANA,DP52ªCIRC,42,N,S,N,N,N,
143,DELEGACIA DE POLÍCIA DA 053ª CIRCUNSCRIÇÃO - CONDADO     -     DP53ªCIRC  DINTER1/11ªDESEC,1,DP DE CONDADO,DP53ªCIRC,42,S,S,N,N,N,
144,DELEGACIA DE POLÍCIA DA 054ª CIRCUNSCRIÇÃO - LAGOA DE ITAENGA     -     DP54ªCIRC  DINTER1/11ªDESEC,1,DP DE LAGOA DE ITAENGA,DP54ªCIRC,42,S,S,N,N,N,
145,DELEGACIA DE POLÍCIA DA 055ª CIRCUNSCRIÇÃO - ITAQUITINGA     -     DP55ªCIRC  DINTER1/11ªDESEC,1,DP DE ITAQUITINGA,DP55ªCIRC,42,S,S,N,N,N,
146,DELEGACIA DE POLÍCIA DA 056ª CIRCUNSCRIÇÃO - LAGOA DO CARRO     -     DP56ªCIRC  DINTER1/11ªDESEC,1,DP DE LAGOA DO CARRO,DP56ªCIRC,42,S,S,N,N,N,
147,DELEGACIA DE POLÍCIA DA 057ª CIRCUNSCRIÇÃO - TRACUNHAÉM     -     DP57ªCIRC  DINTER1/11ªDESEC,1,DP DE TRACUNHAEM,DP57ªCIRC,42,S,S,N,N,N,
148,DELEGACIA DE POLÍCIA DA 058ª CIRCUNSCRIÇÃO - BUENOS AIRES   -     DP58ªCIRC  DINTER1/11ªDESEC,1,DP DE BUENOS AIRES,DP58ªCIRC,42,N,S,N,N,N,
149,DELEGACIA DE POLÍCIA DA 059ª CIRCUNSCRIÇÃO - FERREIROS     -     DP59ªCIRC  DINTER1/11ªDESEC,1,DP DE FERREIROS,DP59ªCIRC,42,N,S,N,N,N,
150,DELEGACIA DE POLÍCIA DA 060ª CIRCUNSCRIÇÃO - CAMUTANGA     -     DP60ªCIRC  DINTER1/11ªDESEC,1,DP DE CAMUTANGA,DP60ªCIRC,42,S,S,N,N,N,
151,DELEGACIA DE POLÍCIA DA 061ª CIRCUNSCRIÇÃO - VITÓRIA DE SANTO ANTÃO   -  DP61ªCIRC  DINTER1/12ªDESEC,1,DP DE VITORIA DE SANTO ANTAO,DP61ªCIRC,43,S,S,N,N,N,
152,DELEGACIA DE POLÍCIA DA 062ª CIRCUNSCRIÇÃO - GRAVATÁ     -     DP62ªCIRC  DINTER1/12ªDESEC,1,DP DE GRAVATA,DP62ªCIRC,43,S,S,N,N,N,
153,DELEGACIA DE POLÍCIA DA 063ª CIRCUNSCRIÇÃO - ESCADA     -     DP63ªCIRC  DINTER1/12ªDESEC,1,DP DE ESCADA,DP63ªCIRC,43,S,S,N,N,N,
154,DELEGACIA DE POLÍCIA DA 064ª CIRCUNSCRIÇÃO - GLORIA DO GOITÁ     -     DP64ªCIRC  DINTER1/12ªDESEC,1,DP DE GLORIA DE GOITA,DP64ªCIRC,43,N,S,N,N,N,
155,DELEGACIA DE POLÍCIA DA 065ª CIRCUNSCRIÇÃO - POMBOS     -     DP65ªCIRC  DINTER1/12ªDESEC,1,DP DE POMBOS,DP65ªCIRC,43,S,S,N,N,N,
156,DELEGACIA DE POLÍCIA DA 066ª CIRCUNSCRIÇÃO - AMARAJI     -     DP66ªCIRC  DINTER1/12ªDESEC,1,DP DE AMARAJI,DP66ªCIRC,43,S,S,N,N,N,
157,DELEGACIA DE POLÍCIA DA 067ª CIRCUNSCRIÇÃO - CHÃ GRANDE     -     DP67ªCIRC  DINTER1/12ªDESEC,1,DP DE CHA GRANDE,DP67ªCIRC,43,S,S,N,N,N,
158,DELEGACIA DE POLÍCIA DA 068ª CIRCUNSCRIÇÃO - PRIMAVERA     -     DP68ªCIRC  DINTER1/12ªDESEC,1,DP DE PRIMAVERA,DP68ªCIRC,43,S,S,N,N,N,
159,DELEGACIA DE POLÍCIA DA 069ª CIRCUNSCRIÇÃO - CHÃ DE ALEGRIA     -     DP69ªCIRC  DINTER1/12ªDESEC,1,DP DE CHA DE ALEGRIA,DP69ªCIRC,43,S,S,N,N,N,
160,DELEGACIA DE POLÍCIA DA 070ª CIRCUNSCRIÇÃO - PALMARES     -     DP70ªCIRC  DINTER1/13ªDESEC,1,DP DE PALMARES,DP70ªCIRC,44,S,S,N,N,N,
161,DELEGACIA DE POLÍCIA DA 071ª CIRCUNSCRIÇÃO - RIBEIRÃO     -     DP71ªCIRC  DINTER1/13ªDESEC,1,DP DE RIBEIRAO,DP71ªCIRC,44,S,S,N,N,N,
162,DELEGACIA DE POLÍCIA DA 072ª CIRCUNSCRIÇÃO - BARREIROS     -     DP72ªCIRC  DINTER1/13ªDESEC,1,DP DE BARREIROS,DP72ªCIRC,44,S,S,N,N,N,
163,DELEGACIA DE POLÍCIA DA 073ª CIRCUNSCRIÇÃO - SIRINHAÉM     -     DP73ªCIRC DINTER1/13ªDESEC,1,DP DE SERINHAEM,DP73ªCIRC,44,S,S,N,N,N,
164,DELEGACIA DE POLÍCIA DA 074ª CIRCUNSCRIÇÃO - CATENDE     -     DP74ªCIRC  DINTER1/13ªDESEC,1,DP DE CATENDE,DP74ªCIRC,44,S,S,N,N,N,
165,DELEGACIA DE POLÍCIA DA 075ª CIRCUNSCRIÇÃO - ÁGUA PRETA     -     DP75ªCIRC  DINTER1/13ªDESEC,1,DP DE AGUA PRETA,DP75ªCIRC,44,S,S,N,N,N,
166,DELEGACIA DE POLÍCIA DA 076ª CIRCUNSCRIÇÃO - GAMELEIRA     -     DP76ªCIRC  DINTER1/13ªDESEC,1,DP DE GAMELEIRA,DP76ªCIRC,44,S,S,N,N,N,
167,DELEGACIA DE POLÍCIA DA 077ª CIRCUNSCRIÇÃO - QUIPAPA     -     DP77ªCIRC  DINTER1/13ªDESEC,1,DP DE QUIPAPA,DP77ªCIRC,44,S,S,N,N,N,
168,DELEGACIA DE POLÍCIA DA 078ª CIRCUNSCRIÇÃO - RIO FORMOSO     -     DP78ªCIRC  DINTER1/13ªDESEC,1,DP DE RIO FORMOSO,DP78ªCIRC,44,S,S,N,N,N,
169,DELEGACIA DE POLÍCIA DA 079ª CIRCUNSCRIÇÃO - TAMANDARÉ     -     DP79ªCIRC  DINTER1/13ªDESEC,1,DP DE TAMANDARE,DP79ªCIRC,44,S,S,N,N,N,
170,DELEGACIA DE POLÍCIA DA 080ª CIRCUNSCRIÇÃO - JOAQUIM NABUCO     -     DP80ªCIRC  DINTER1/13ªDESEC,1,DP DE JOAQUIM NABUCO,DP80ªCIRC,44,S,S,N,N,N,
171,DELEGACIA DE POLÍCIA DA 081ª CIRCUNSCRIÇÃO - MARAIAL     -     DP81ªCIRC  DINTER1/13ªDESEC,1,DP DE MARAIAL,DP81ªCIRC,44,S,S,N,N,N,
172,DELEGACIA DE POLÍCIA DA 082ª CIRCUNSCRIÇÃO - SÃO JOSÉ DA COROA GRANDE  -  DP82ªCIRC DINTER1/13ªDESEC,1,DP DE SAO JOSE DA COROA GRANDE,DP82ªCIRC,44,S,S,N,N,N,
173,DELEGACIA DE POLÍCIA DA 083ª CIRCUNSCRIÇÃO - XEXÉU     -     DP83ªCIRC  DINTER1/13ªDESEC,1,DP DE XEXEU,DP83ªCIRC,44,S,S,N,N,N,
174,DELEGACIA DE POLÍCIA DA 084ª CIRCUNSCRIÇÃO - CORTES     -     DP84ªCIRC  DINTER1/13ªDESEC,1,DP DE CORTES,DP84ªCIRC,44,S,S,N,N,N,
175,DELEGACIA DE POLÍCIA DA 085ª CIRCUNSCRIÇÃO - JAQUEIRA     -     DP85ªCIRC  DINTER1/13ªDESEC,1,DP DE JAQUEIRA,DP85ªCIRC,44,S,S,N,N,N,
176,DELEGACIA DE POLÍCIA DA 086ª CIRCUNSCRIÇÃO - BELÉM DE MARIA     -     DP86ªCIRC  DINTER1/13ªDESEC,1,DP DE BELEM DE MARIA,DP86ªCIRC,44,S,S,N,N,N,
177,DELEGACIA DE POLÍCIA DA 087ª CIRCUNSCRIÇÃO - SÃO BENEDITO DO SUL   -   DP87ªCIRC  DINTER1/13ªDESEC,1,DP DE SAO BENEDITO DO SUL,DP87ªCIRC,44,S,S,N,N,N,
178,DELEGACIA DE POLÍCIA DA 088ª CIRCUNSCRIÇÃO - CARUARU     -     DP88ªCIRC  DINTER1/14ªDESEC,1,DP DE CARUARU,DP88ªCIRC,45,S,S,N,N,N,
179,DELEGACIA DE POLÍCIA DA 089ª CIRCUNSCRIÇÃO - CARUARU     -     DP89ªCIRC  DINTER1/14ªDESEC,1,DP DE CARUARU,DP89ªCIRC,45,S,S,N,N,N,
180,DELEGACIA DE POLÍCIA DA 090ª CIRCUNSCRIÇÃO - CARUARU     -     DP90ªCIRC  DINTER1/14ªDESEC,1,DP DE CARUARU,DP90ªCIRC,45,S,S,N,N,N,
181,DELEGACIA DE POLÍCIA DA 091ª CIRCUNSCRIÇÃO - BEZERROS     -     DP91ªCIRC  DINTER1/14ªDESEC,1,DP DE BEZERROS,DP91ªCIRC,45,S,S,N,N,N,
182,DELEGACIA DE POLÍCIA DA 092ª CIRCUNSCRIÇÃO - BONITO     -     DP92ªCIRC  DINTER1/14ªDESEC,1,DP DE BONITO,DP92ªCIRC,45,S,S,N,N,N,
183,DELEGACIA DE POLÍCIA DA 093ª CIRCUNSCRIÇÃO - PANELAS     -     DP93ªCIRC  DINTER1/18ªDESEC,1,DP DE PANELAS,DP93ªCIRC,49,S,S,N,N,N,
184,DELEGACIA DE POLÍCIA DA 094ª CIRCUNSCRIÇÃO - CUPIRA     -     DP94ªCIRC  DINTER1/14ªDESEC,1,DP DE CUPIRA,DP94ªCIRC,45,S,S,N,N,N,
185,DELEGACIA DE POLÍCIA DA 095ª CIRCUNSCRIÇÃO - ALTINHO     -     DP95ªCIRC  DINTER1/14ªDESEC,1,DP DE ALTINHO,DP95ªCIRC,45,S,S,N,N,N,
186,DELEGACIA DE POLÍCIA DA 096ª CIRCUNSCRIÇÃO - AGRESTINA     -     DP96ªCIRC  DINTER1/14ªDESEC,1,DP DE AGRESTINHA,DP96ªCIRC,45,S,S,N,N,N,
187,DELEGACIA DE POLÍCIA DA 097ª CIRCUNSCRIÇÃO - SÃO JOAQUIM DO MONTE    -   DP97ªCIRC  DINTER1/14ªDESEC,1,DP DE SAO JOAQUIM DO MONTE,DP97ªCIRC,45,S,S,N,N,N,
188,DELEGACIA DE POLÍCIA DA 098ª CIRCUNSCRIÇÃO - RIACHO DAS ALMAS     -     DP98ªCIRC  DINTER1/14ªDESEC,1,DP DE RIACHO DAS ALMAS,DP98ªCIRC,45,S,S,N,N,N,
189,DELEGACIA DE POLÍCIA DA 099ª CIRCUNSCRIÇÃO - LAGOA DOS GATOS     -     DP99ªCIRC  DINTER1/14ªDESEC,1,DP DE LAGOA DOS GATOS,DP99ªCIRC,45,S,S,N,N,N,
190,DELEGACIA DE POLÍCIA DA 100ª CIRCUNSCRIÇÃO - CAMOCIM DE SÃO FELIX   -   DP100ªCIRC  DINTER1/14ªDESEC,1,DP DE CAMOCIM DE SAO FELIX,DP100ªCIRC,45,S,S,N,N,N,
1999,DELEGACIA DE TREINAMENTO,1,TREINAMENTO,TREINA,,S,S,,,S,
308,IML RECIFE,7,IML RECIFE,IML,,N,N,N,N,N,
309,IML CARUARU,7,IML CARUARU,IML,,N,N,N,N,N,
310,IML PETROLINA,7,IML PETROLINA,IML,,N,N,N,N,N,
32,DIM - 01ª DELEGACIA SECCIONAL DE POLÍCIA - SANTO AMARO,1,GERENCIA DE POLICIA DA CAPITAL,"1ªDESEC",4116,S,S,N,N,N,
33,DIM - 02ª DELEGACIA SECCIONAL DE POLICÍA CIVIL - ESPINHEIRO,1,GERENCIA DE POLICIA DA CAPITAL - GPC,"2A.DESEC",4116,S,S,N,N,N,
34,DIM - 03ª DELEGACIA SECCIONAL DE POLÍCIA CIVIL - BOA VIAGEM,1,GERENCIA DE POLICIA DA CAPITAL - GPC,"3A.DESEC",4116,S,S,N,N,N,
35,DIM - 04ª DELEGACIA SECCIONAL DE POLÍCIA CIVIL - VÁRZEA,1,GERENCIA DE POLICIA DA CAPITAL - GPC,"4ªDESEC",4116,N,N,N,N,N,
36,DIM - 05ª DELEGACIA SECCIONAL DE POLICIA CIVIL - APIPUCOS,1,GERENCIA DE POLICIA DA CAPITAL - GPC,"5ªDESEC",4116,N,N,N,N,N,
37,DIM - 06ª DELEGACIA SECCIONAL DE POLÍCIA CIVIL  - JABOATÃO DOS GUARARAPES,1,GERENCIA DE POLICIA DA REGIA METROPOLITANA - GPRM,"6ªDESEC",4116,N,N,N,N,N,
38,DIM - 07ª DELEGACIA SECCIONAL DE POLÍCIA CIVIL - OLINDA,1,GERENCIA DE POLICIA DA REGIAO METROPOLITANA - GPRM,"7ªDESEC",4116,N,N,N,N,N,
39,DIM - 08ª DELEGACIA SECCIONAL DE POLÍCIA CIVIL  - PAULISTA,1,GERENCIA DE POLICIA DA REGIAO METROPOLITANA - GPRM,"8ªDESEC",4116,N,N,N,N,N,
40,DIM - 09ª DELEGACIA SECCIONAL DE POLÍCIA CIVIL  - SÃO LOURENÇO DA MATA,1,GERENCIA DE POLICIA DA REGIAO METROPOLITANA - GPRM,"9ªDESEC",4116,N,N,N,N,N,
41,DIM - 10ª DELEGACIA SECCIONAL DE POLICIA CIVIL - CABO DE SANTO AGOSTINHO,1,GERENCIA DE POLICIA DA REGIAO METROPOLITANA - GPRM,"10ªDESEC",4116,S,S,N,N,N,
42,DINTER1 - 11ª DELEGACIA SECCIONAL DE POLÍCIA CIVIL - GOIANA,1,GERENCIA DE POLICIA DA ZONA DA MATA - GPZM,"11ªDESEC",4115,S,S,N,N,N,
43,DINTER1 - 12ª DELEGACIA SECCIONAL DE POLÍCIA CIVIL  - VITÓRIA DE SANTO ANTÃO,1,GERENCIA DE POLICIA DA ZONA DA MATA - GPZM,"12ªDESEC",4115,S,S,N,N,N,
44,DINTER1 - 13ª DELEGACIA SECCIONAL DE POLÍCIA CIVIL  - PALMARES,1,GERENCIA DE POLICIA DA ZONA DA MATA - GPZM,"13ªDESEC",4115,S,S,N,N,N,
45,DINTER1 - 14ª DELEGACIA SECCIONAL DE POLÍCIA CIVIL  - CARUARU,1,GERENCIA DE POLICIA DO AGRESTE - GPA,"14ªDESEC",4115,S,S,N,N,N,
46,DINTER1 - 15ª DELEGACIA SECCIONAL DE POLÍCIA CIVIL  - BELO JARDIM,1,GERENCIA DE POLICIA DO AGRESTE - GPA,"15ªDESEC",4115,S,S,N,N,N,
47,DINTER1 - 16ª DELEGACIA SECCIONAL DE POLÍCIA CIVIL  - LIMOEIRO,1,GERENCIA DE POLICIA DO AGRESTE - GPA,"16ªDESEC",4115,S,S,N,N,N,
48,DINTER1 - 17ª DELEGACIA SECCIONAL DE POLÍCIA CIVIL  - SANTA CRUZ DO CAPIBARIBE,1,GERENCIA DE POLICIA DO AGRESTE - GPA,"17ªDESEC",4115,S,S,N,N,N,
49,DINTER1 - 18ª DELEGACIA SECCIONAL DE POLÍCIA CIVIL  - GARANHUNS,1,GERENCIA DE POLICIA DO AGRESTE - GPA,"18ªDESEC",4115,N,S,N,N,N,
50,DINTER2 - 19ª DELEGACIA SECCIONAL DE POLÍCIA CIVIL  - ARCOVERDE,1,GERENCIA DE POLICIA DO SERTAO - GPS,"19ªDESEC",4117,S,S,N,N,N,
51,DINTER2 - 20ª DELEGACIA SECCIONAL DE POLÍCIA CIVIL  - AFOGADOS DA INGAZEIRA,1,GERENCIA DE POLICIA DO SERTAO - GPS,"20ªDESEC",4117,S,S,N,N,N,
52,DINTER2 - 21ª DELEGACIA SECCIONAL DE POLÍCIA CIVIL  - SERRA TALHADA,1,GERENCIA DE POLICIA DO SERTAO - GPS,"21ªDESEC",4117,S,S,N,N,N,
53,DINTER2 - 22ª DELEGACIA SECCIONAL DE POLÍCIA CIVIL - FLORESTA,1,GERENCIA DE POLICIA DO SERTAO - GPS,"22ªDESEC",4117,S,S,N,N,N,
54,DINTER2 - 23ª DELEGACIA SECCIONAL DE POLICIA CIVIL - SALGUEIRO,1,GERENCIA DE POLICIA DO SERTAO - GPS,"23ªDESEC",4117,S,S,N,N,N,
55,DINTER2 - 24ª DELEGACIA SECCIONAL DE POLÍCIA CIVIL  - ARARIPINA,1,GERENCIA DE POLICIA DO SERTAO - GPS,"24ªDESEC",4117,S,S,N,N,N,
56,DINTER2 - 25ªDELEGACIA SECCIONAL DE POLÍCIA CIVIL  - CABROBO,1,GERENCIA DE POLICIA DO SERTAO - GPS,"25ªDESEC",4117,S,S,N,N,N,
57,DINTER2 - 26ª DELEGACIA SECCIONAL DE POLÍCIA CIVIL  - PETROLINA,1,GERENCIA DE POLICIA DO SERTAO - GPS,"26ªDESEC",4117,S,S,N,N,N,
65,"16º. BPM - 16º BATALHÃO DE POLÍCIA MILITAR",2,"16. BATALHAO DE POLICIA MILITAR-CAPITAL","16º.BPM",4118,N,S,N,N,N,
66,"13º. BPM - 13º BATALHÃO DE POLÍCIA MILITAR",2,"13. BATALHAO DE POLICIA MILITAR-CAPITAL","13º.BPM",4118,N,S,N,N,N,
67,"19º. BPM - 19º BATALHAO DE POLICIA MILITAR",2,"19. BATALHAO DE POLICIA MILITAR-CAPITAL","19º.BPM",4118,N,S,N,N,N,
68,"12º. BPM - 12º BATALHÃO DE POLÍCIA MILITAR",2,"12. BATALHAO DE POLICIA MILITAR-CAPITAL","12.BPM",4118,N,S,N,N,N,
69,"11º. BPM - 11º BATALHÃO DE POLÍCIA MILITAR",2,"11. BATALHAO DE POLICIA MILITAR-CAPITAL","11º.BPM",4118,N,S,N,N,N,
70,"6º. BPM - 6º BATALHÃO DE POLÍCIA MILITAR",2,"6. BATALHAO DE POLICIA MILITAR-RMR","6º.BPM",4118,N,S,N,N,N,
71,"1º. BPM - 1º BATALHÃO DE POLÍCIA MILITAR",2,"1. BATALHAO DE POLICIA MILITAR-RMR","1º.BPM",4118,N,S,N,N,N,
72,"17º. BPM - 17º BATALHÃO DE POLÍCIA MILITAR",2,"17. BATALHAO DE POLICIA MILITAR-RMR","17º.BPM",4118,N,S,N,N,N,
74,"18º. BPM - 18º BATALHÃO DE POLÍCIA MILITAR ",2,"18.BATALHAO DE POLICIA MILITAR","18º.BPM",4118,N,S,N,N,N,
75,"2º. BPM - 2º BATALHÃO DE POLÍCIA MILITAR",2,"2. BATALHAO DE POLICIA MILITAR-MATA","2º.BPM",,N,S,N,N,N,
76,"21º. BPM - 21º BATALHÃO DE POLÍCIA MILITAR",2,"21. BATALHAO DE POLICIA MILITAR-MATA","21º.BPM",4119,N,S,N,N,N,
77,"10º. BPM - 10° BATALHÃO DE POLÍCIA MILITAR",2,"10.BATALHAO DE POLICIA MILITAR - PALMARES","10º.BPM",4119,N,S,N,N,N,
78,"4º. BPM - 4º BATALHÃO DE POLÍCIA MILITAR",2,"4.BATALHAO DE POLICIA MILITAR-AGRESTE","4º.BPM",4119,N,S,N,N,N,
79,"15º. BPM -  15º BATALHÃO DE POLÍCIA MILITAR",2,"15. BATALHAO DE POLICIA MILITAR-AGRESTE","15º.BPM",4119,N,S,N,N,N,
80,"22º. BPM - 22º BATALHÃO DE POLÍCIA MILITAR",2,"22. BATALHAO DE POLICIA MILITAR-AGRESTE","22º.BPM",4119,N,S,N,N,N,
81,"27º. BPM - 27º BATALHÃO DE POLÍCIA MILITAR",2,"3A. COMPANHIA INDEPENDENTE DA POLICIA MILITAR","27º. BPM",4119,N,S,N,N,N,
82,"9º. BPM - 9º BATALHÃO DE POLÍCIA MILITAR",2,"9. BATALHAO DE POLICIA MILITAR - AGRESTE","9º.BPM",4119,N,S,N,N,N,
83,"3º. BPM - 3º BATALHAO DE POLICIA MILITAR",2,"3. BATALHAO DE POLICIA MILITAR - SERTAO","3º.BPM",4120,N,S,N,N,N,
84,"23º. BPM - 23º BATALHÃO DE POLÍCIA MILITAR",2,"23. BATALHAO DE POLICIA MILITAR - SERTAO","23º.BPM",4120,N,S,N,N,N,
85,"14º. BPM - 14º BATALHÃO DE POLÍCIA MILITAR",2,"14 BATALHAO DE POLICIA MILITAR - SERTAO","14º.BPM",4120,N,S,N,N,N,
86,"1ª. CIPM - 1ª COMPANHIA INDEPENDENTE DE POLÍCIA MILITAR - BELÉM DE SÃO FRANCISCO",2,"1A. COMPANHIA INDEPENDENTE DA POLICIA MILITAR-SERTAO","1ª.CIPM",,N,S,N,N,N,
87,"8º. BPM - 8º BATALHÃO DE POLÍCIA MILITAR",2,"8.BATALHAO DE POLICIA MILITAR - SERTAO","8º.BPM",4120,N,S,N,N,N,
88,"7º. BPM - 7º BATALHÃO DE POLÍCIA MILITAR",2,"7.BATALHAO DE POLICIA MILITAR - SERTAO","7º.BPM",4120,N,S,N,N,N,
89,"2ª. CIPM - 2ª COMPANHIA INDEPENDENTE DA POLÍCIA MILITAR - CABROBÓ",2,"2A. COMPANHIA INDEPENDENTE DA POLICIA MILITAR","2ª.CIPM",4120,N,S,N,N,N,
90,"5º. BPM - 5º BATALHÃO DE POLÍCIA MILITAR",2,"5. BATALHAO DE POLICIA MILITAR","5º.BPM",4120,N,S,N,N,N,
191,DELEGACIA DE POLÍCIA DA 101ª CIRCUNSCRIÇÃO - SAIRÉ     -    DP101ªCIRC  DINTER1/14ªDESEC,1,DP DE SAIRE,DP101ªCIRC,45,S,S,N,N,N,
192,DELEGACIA DE POLÍCIA DA 102ª CIRCUNSCRIÇÃO - BARRA DE GUABIRABA   -   DP102ªCIRC  DINTER1/14ªDESEC,1,DP DE BARRA DE GUABIRABA,DP102ªCIRC,45,S,S,N,N,N,
193,DELEGACIA DE POLÍCIA DA 103ª CIRCUNSCRIÇÃO - IBIRAJUBA     -     DINTER1/18ªDESEC,1,DP DE IBIRAJUBA,DP103ªCIRC,49,S,S,N,N,N,
194,DELEGACIA DE POLÍCIA DA 104ª CIRCUNSCRIÇÃO - BELO JARDIM     -     DP104ªCIRC  DINTER1/15ªDESEC,1,DP DE BELO JARDIM,DP104ªCIRC,46,S,S,N,N,N,
195,DELEGACIA DE POLÍCIA DA 105ª CIRCUNSCRIÇÃO - PESQUEIRA     -     DP105ªCIRC  DINTER1/15ªDESEC,1,DP DE PESQUEIRA,DP105ªCIRC,46,S,S,N,N,N,
196,DELEGACIA DE POLÍCIA DA 106ª CIRCUNSCRIÇÃO - SÃO BENTO DO UNA     -    DP106ªCIRC  DINTER1/15ªDESEC,1,DP DE SAO BENTO DO UNA,DP106ªCIRC,46,S,S,N,N,N,
197,DELEGACIA DE POLÍCIA DA 107ª CIRCUNSCRIÇÃO - BREJO DA MADRE DE DEUS  -  DP107ªCIRC DINTER1/17ªDESEC,1,DP DE BREJO DA MADRE DE DEUS,DP107ªCIRC,48,S,S,N,N,N,
198,DELEGACIA DE POLÍCIA DA 108ª CIRCUNSCRIÇÃO - SÃO CAETANO    -    DP108ªCIRC  DINTER1/15ªDESEC,1,DP DE SAO CAETANO,DP108ªCIRC,46,S,S,N,N,N,
199,DELEGACIA DE POLÍCIA DA 109ª CIRCUNSCRIÇÃO - CACHOEIRINHA     -     DP109ªCIRC  DINTER1/15ªDESEC,1,DP DE CACHOEIRINHA,DP109ªCIRC,46,S,S,N,N,N,
200,DELEGACIA DE POLÍCIA DA 110ª CIRCUNSCRIÇÃO - SANHARÓ     -     DP110ªCIRC  DINTER1/15ªDESEC,1,DP DE SANHARO,DP110ªCIRC,46,S,S,N,N,N,
201,DELEGACIA DE POLÍCIA DA 111ª CIRCUNSCRIÇÃO - JATAÚBA     -     DP111ªCIRC  DINTER1/17ªDESEC,1,DP DE JATAUBA,DP111ªCIRC,48,S,S,N,N,N,
202,DELEGACIA DE POLÍCIA DA 112ª CIRCUNSCRIÇÃO - TACAIMBÓ     -     DP112ªCIRC  DINTER1/15ªDESEC,1,DP DE TACAIMBO,DP112ªCIRC,46,S,S,N,N,N,
203,DELEGACIA DE POLÍCIA DA 113ª CIRCUNSCRIÇÃO - ALAGOINHA     -     DP113ªCIRC  DINTER1/15ªDESEC,1,DP DE ALAGOINHA,DP113ªCIRC,46,S,S,N,N,N,
204,DELEGACIA DE POLÍCIA DA 114ª CIRCUNSCRIÇÃO - POÇÃO     -     DP114ªCIRC  DINTER1/15ªDESEC,1,DP DE POCAO,DP114ªCIRC,46,S,S,N,N,N,
205,DELEGACIA DE POLÍCIA DA 115ª CIRCUNSCRIÇÃO - LIMOEIRO     -     DP115ªCIRC  DINTER1/16ªDESEC,1,DP DE LIMOEIRO,DP115ªCIRC,47,S,S,N,N,N,
206,DELEGACIA DE POLÍCIA DA 116ª CIRCUNSCRIÇÃO - SURUBIM     -     DP116ªCIRC  DINTER1/16ªDESEC,1,DP DE SURUBIM,DP116ªCIRC,47,S,S,N,N,N,
207,DELEGACIA DE POLÍCIA DA 117ª CIRCUNSCRIÇÃO - BOM JARDIM     -     DP117ªCIRC  DINTER1/16ªDESEC,1,DP DE BOM JARDIM,DP117ªCIRC,47,S,S,N,N,N,
208,DELEGACIA DE POLÍCIA DA 118ª CIRCUNSCRIÇÃO - PASSIRA     -     DP118ªCIRC  DINTER1/16ªDESEC,1,DP DE PASSIRA,DP118ªCIRC,47,S,S,N,N,N,
209,DELEGACIA DE POLÍCIA DA 119ª CIRCUNSCRIÇÃO - CUMARU     -     DP119ªCIRC  DINTER1/16ªDESEC,1,DP DE CUMARU,DP119ªCIRC,47,S,S,N,N,N,
210,DELEGACIA DE POLÍCIA DA 120ª CIRCUNSCRIÇÃO - JOÃO ALFREDO     -     DP120ªCIRC  DINTER1/16ªDESEC,1,DP DE JOAO ALFREDO,DP120ªCIRC,47,S,S,N,N,N,
211,DELEGACIA DE POLÍCIA DA 121ª CIRCUNSCRIÇÃO - OROBÓ     -     DP121ªCIRC  DINTER1/16ªDESEC,1,DP DE OROBO,DP121ªCIRC,47,S,S,N,N,N,
212,DELEGACIA DE POLÍCIA DA 122ª CIRCUNSCRIÇÃO - FEIRA NOVA     -     DP122ªCIRC  DINTER1/16ªDESEC,1,DP DE FEIRA NOVA,DP122ªCIRC,47,S,S,N,N,N,
213,DELEGACIA DE POLÍCIA DA 123ª CIRCUNSCRIÇÃO - SÃO VICENTE FERRER    -   DP123ªCIRC  DINTER1/11ªDESEC,1,DP DE SAO VICENTE FERRER,DP123ªCIRC,42,S,S,N,N,N,
214,DELEGACIA DE POLÍCIA DA 124ª CIRCUNSCRIÇÃO - CASINHAS     -     DP124ªCIRC  DINTER1/16ªDESEC,1,DP DE CASINHAS,DP124ªCIRC,47,S,S,N,N,N,
215,DELEGACIA DE POLÍCIA DA 125ª CIRCUNSCRIÇÃO - MACHADOS     -     DP125ªCIRC  DINTER1/16ªDESEC,1,DP DE MACHADOS,DP125ªCIRC,47,S,S,N,N,N,
216,DELEGACIA DE POLÍCIA DA 126ª CIRCUNSCRIÇÃO - VERTENTE DO LÉRIO     -    DP126ªCIRC  DINTER1/16ªDESEC,1,DP DE VERTENTE DO LERIO,DP126ªCIRC,47,S,S,N,N,N,
217,DELEGACIA DE POLÍCIA DA 127ª CIRCUNSCRIÇÃO - SALGADINHO     -     DP127ªCIRC  DINTER1/16ªDESEC,1,DP DE SALGADINHO,DP127ªCIRC,47,S,S,N,N,N,
218,DELEGACIA DE POLÍCIA DA 128ª CIRCUNSCRIÇÃO - SANTA CRUZ DO CAPIBARIBE  -  DP128CIRC DINTER1/17ªDESEC,1,DP DE SANTA CRUZ DO CAPIBARIBE,DP128CIRC,48,S,S,N,N,N,
219,DELEGACIA DE POLÍCIA DA 129ª CIRCUNSCRIÇÃO - TORITAMA     -     DP129ªCIRC  DINTER/17ªDESEC,1,DP DE TORITAMA,DP129ªCIRC,48,S,S,N,N,N,
220,DELEGACIA DE POLÍCIA DA 130ª CIRCUNSCRIÇÃO - TAQUARITINGA DO NORTE   -  DP130ªCIRC  DINTER1/17ªDESEC,1,DP DE TAQUARITINGA DO NORTE,DP130ªCIRC,48,S,S,N,N,N,
221,DELEGACIA DE POLÍCIA DA 131ª CIRCUNSCRIÇÃO - VERTENTES     -     DP131ªCIRC  DINTER1/17ªDESEC,1,DP DE VERTENTES,DP131ªCIRC,48,S,S,N,N,N,
222,DELEGACIA DE POLÍCIA DA 132ª CIRCUNSCRIÇÃO - FREI MIGUELINHO     -     DP132ªCIRC  DINTER1/16ªDESEC,1,DP DE FREI MIGUELINHO,DP132ªCIRC,47,S,S,N,N,N,
223,DELEGACIA DE POLÍCIA DA 133ª CIRCUNSCRIÇÃO - SANTA MARIA DO CAMBUCÁ  -  DP133ªCIRC  DINTER1/16ªDESEC,1,DP DE SANTA MARIA DO CAMBUCA,DP133ªCIRC,47,S,S,N,N,N,
224,DELEGACIA DE POLÍCIA DA 134ª CIRCUNSCRIÇÃO - GARANHUNS     -     DP134ªCIRC  DINTER1/18ªDESEC,1,DP DE GARANHUNS,DP134ªCIRC,49,S,S,N,N,N,
225,DELEGACIA DE POLÍCIA DA 135ª CIRCUNSCRIÇÃO - GARANHUNS     -     DP135ªCIRC  DINTER1/18ªDESEC,1,DP DE GARANHUNS,DP135ªCIRC,49,S,S,N,N,N,
226,DELEGACIA DE POLÍCIA DA 136ª CIRCUNSCRIÇÃO - BOM CONSELHO     -     DP136ªCIRC  DINTER1/18ªDESEC,1,DP DE BOM CONSELHO,DP136ªCIRC,49,S,S,N,N,N,
227,DELEGACIA DE POLÍCIA DA 137ª CIRCUNSCRIÇÃO - ÁGUAS BELAS     -     DP137ªCIRC  DINTER1/18ªDESEC,1,DP DE AGUAS BELAS,DP137ªCIRC,49,S,S,N,N,N,
228,DELEGACIA DE POLÍCIA DA 138ª CIRCUNSCRIÇÃO - LAJEDO     -     DP138ªCIRC  DINTER1/18ªDESEC,1,DP DE LAJEDO,DP138ªCIRC,49,S,S,N,N,N,
229,DELEGACIA DE POLÍCIA DA 139ª CIRCUNSCRIÇÃO - CANHOTINHO     -     DP139ªCIRC  DINTER1/18ªDESEC,1,DP DE CANHOTINHO,DP139ªCIRC,49,S,S,N,N,N,
230,DELEGACIA DE POLÍCIA DA 140ª CIRCUNSCRIÇÃO - CAETÉS     -     DP140ªCIRC  DINTER1/18ªDESEC,1,DP DE CAETES,DP140ªCIRC,49,S,S,N,N,N,
231,DELEGACIA DE POLÍCIA DA 141ª CIRCUNSCRIÇÃO - SÃO JOÃO     -     DP141ªCIRC  DINTER1/18ªDESEC,1,DP DE SAO JOAO,DP141ªCIRC,49,S,S,N,N,N,
232,DELEGACIA DE POLÍCIA DA 142ª CIRCUNSCRIÇÃO - CAPOEIRAS     -     DP142ªCIRC  DINTER1/18ªDESEC,1,DP DE CAPOEIRAS,DP142ªCIRC,49,S,S,N,N,N,
233,DELEGACIA DE POLÍCIA DA 143ª CIRCUNSCRIÇÃO - IATI     -     DP143ªCIRC  DINTER1/18ªDESEC,1,DP DE IATI,DP143ªCIRC,49,S,S,N,N,N,
234,DELEGACIA DE POLÍCIA DA 144ª CIRCUNSCRIÇÃO - CORRENTES     -     DP144ªCIRC  DINTER1/18ªDESEC,1,DP DE CORRENTES,DP144ªCIRC,49,S,S,N,N,N,
235,DELEGACIA DE POLÍCIA DA 145ª CIRCUNSCRIÇÃO - SALOÁ     -     DP145ªCIRC  DINTER1/18ªDESEC,1,DP DE SALOA,DP145ªCIRC,49,S,S,N,N,N,
236,DELEGACIA DE POLÍCIA DA 146ª. CIRCUNSCRIÇÃO - JUREMA     -     DP146ªCIRC  DINTER1/18ªDESEC,1,DP DE JUREMA,DP146ªCIRC,49,S,S,N,N,N,
237,DELEGACIA DE POLÍCIA DA 147ª CIRCUNSCRIÇÃO - JUPI     -     DP147ªCIRC  DINTER1/18ªDESEC,1,DP DE JUPI,DP147ªCIRC,49,S,S,N,N,N,
238,DELEGACIA DE POLÍCIA DA 148ª CIRCUNSCRIÇÃO - CALÇADOS     -     DP148ªCIRC  DINTER1/18ªDESEC,1,DP DE CALCADOS,DP148ªCIRC,49,S,S,N,N,N,
239,DELEGACIA DE POLÍCIA DA 149ª CIRCUNSCRIÇÃO - LAGOA DO OURO     -     DP149ªCIRC  DINTER1/18ªDESEC,1,DP DE LAGOA DO OURO,DP149ªCIRC,49,S,S,N,N,N,
240,DELEGACIA DE POLÍCIA DA 150ª CIRCUNSCRIÇÃO - PARANATAMA     -     DP150ªCIRC  DINTER1/18ªDESEC,1,DP DE PARANATAMA,DP150ªCIRC,49,S,S,N,N,N,
241,DELEGACIA DE POLÍCIA DA 151ª CIRCUNSCRIÇÃO - JUCATI     -     DP151ªCIRC  DINTER1/18ªDESEC,1,DP DE JUCATI,DP151ªCIRC,49,S,S,N,N,N,
242,DELEGACIA DE POLÍCIA DA 152ª CIRCUNSCRIÇÃO - PALMEIRINA     -     DP152ªCIRC  DINTER1/18ªDESEC,1,DP DE PALMERINA,DP152ªCIRC,49,S,S,N,N,N,
243,DELEGACIA DE POLÍCIA DA 153ª CIRCUNSCRIÇÃO - ANGELIM     -     DP153ªCIRC  DINTER1/18ªDESEC,1,DP DE ANJELIM,DP153ªCIRC,49,S,S,N,N,N,
244,DELEGACIA DE POLÍCIA DA 154ª CIRCUNSCRIÇÃO - BREJÃO     -     DP154ªCIRC  DINTER1/18ªDESEC,1,DP DE BREJAO,DP154ªCIRC,49,S,S,N,N,N,
245,DELEGACIA DE POLÍCIA DA 155ª CIRCUNSCRIÇÃO - TEREZINHA     -     DP155ªCIRC  DINTER1/18ªDESEC,1,DP DE TEREZINHA,DP155ªCIRC,49,S,S,N,N,N,
246,DELEGACIA DE POLÍCIA DA 156ª CIRCUNSCRIÇÃO - ARCOVERDE     -     DP156ªCIRC  DINTER2/19ªDESEC,1,DP DE ARCOVERDE,DP156ªCIRC,50,S,S,N,N,N,
247,DELEGACIA DE POLÍCIA DA 157ª CIRCUNSCRIÇÃO - BUIQUE     -     DP157ªCIRC  DINTER2/19ªDESEC,1,DP DE BUIQUE,DP157ªCIRC,50,S,S,N,N,N,
248,DELEGACIA DE POLÍCIA DA 158ª CIRCUNSCRIÇÃO - SERTÂNIA     -     DP158ªCIRC  DINTER2/19ªDESEC,1,DP DE SERTANIA,DP158ªCIRC,50,S,S,N,N,N,
249,DELEGACIA DE POLÍCIA DA 159ª CIRCUNSCRIÇÃO - CUSTÓDIA     -     DP159ªCIRC  DINTER2/19ªDESEC,1,DP DE CUSTODIA,DP159ªCIRC,50,S,S,N,N,N,
250,DELEGACIA DE POLÍCIA DA 160ª CIRCUNSCRIÇÃO - ITAIBA     -     DP160ªCIRC  DINTER2/19ªDESEC,1,DP DE ITAIBA,DP160ªCIRC,50,S,S,N,N,N,
251,DELEGACIA DE POLÍCIA DA 161ª CIRCUNSCRIÇÃO - IBIMIRIM     -     DP161ªCIRC  DINTER2/19ªDESEC,1,DP DE IBIMIRIM,DP161ªCIRC,50,S,S,N,N,N,
252,DELEGACIA DE POLÍCIA DA 162ª CIRCUNSCRIÇÃO - TUPANATINGA     -     DP162ªCIRC  DINTER2/19ªDESEC,1,DP DE TUPANATINGA,DP162ªCIRC,50,S,S,N,N,N,
253,DELEGACIA DE POLÍCIA DA 163ª CIRCUNSCRIÇÃO - PEDRA     -     DP101ªCIRC  DINTER2/19ªDESEC,1,DP DE PEDRA,DP101ªCIRC,50,S,S,N,N,N,
254,DELEGACIA DE POLÍCIA DA 164ª CIRCUNSCRIÇÃO - VENTUROSA     -     DP164ªCIRC  DINTER2/19ªDESEC,1,DP DE VENTUROSA,DP164ªCIRC,50,S,S,N,N,N,
255,DELEGACIA DE POLÍCIA DA 165ª CIRCUNSCRIÇÃO - INAJÁ     -     DP165ªCIRC  DINTER2/22ªDESEC,1,DP DE INAJA,DP165ªCIRC,53,S,S,N,N,N,
256,DELEGACIA DE POLÍCIA DA 166ª CIRCUNSCRIÇÃO - MANARI     -     DP166ªCIRC  DINTER2/19ªDESEC,1,DP DE MANARI,DP166ªCIRC,50,S,S,N,N,N,
257,DELEGACIA DE POLÍCIA DA 167ª CIRCUNSCRIÇÃO - AFOGADOS DA INGAZEIRA   -   DP167ªCIRC DINTER2/20ªDESEC,1,DP DE AFOGADOS DA INGAZEIRA,DP167ªCIRC,51,S,S,N,N,N,
258,DELEGACIA DE POLÍCIA DA 168ª CIRCUNSCRIÇÃO - SÃO JOSÉ DO EGITO     -    DP168ªCIRC  DINTER2/20ªDESEC,1,DP DE SAO JOSE DO EGITO,DP168ªCIRC,51,S,S,N,N,N,
259,DELEGACIA DE POLÍCIA DA 169ª CIRCUNSCRIÇÃO - TABIRA     -    DP169ªCIRC  DINTER2/20ªDESEC,1,DP DE TABIRA,DP169ªCIRC,51,S,S,N,N,N,
260,DELEGACIA DE POLÍCIA DA 170ª CIRCUNSCRIÇÃO - ITAPETIM     -     DP170ªCIRC  DINTER2/20ªDESEC,1,DP DE ITAPETIM,DP170ªCIRC,51,S,S,N,N,N,
261,DELEGACIA DE POLÍCIA DA 171ª CIRCUNSCRIÇÃO - IGUARACI     -     DP171ªCIRC  DINTER2/20ªDESEC,1,DP DE IGUARACI,DP171ªCIRC,51,S,S,N,N,N,
262,DELEGACIA DE POLÍCIA DA 172ª CIRCUNSCRIÇÃO - SANTA TEREZINHA     -     DP172ªCIRC  DINTER2/20ªDESEC,1,DP DE SANTA TEREZINHA,DP172ªCIRC,51,S,S,N,N,N,
263,DELEGACIA DE POLÍCIA DA 173ª CIRCUNSCRIÇÃO - TUPARETAMA     -     DP173ªCIRC  DINTER2/20ªDESEC,1,DP DE TUPARETAMA,DP173ªCIRC,51,S,S,N,N,N,
264,DELEGACIA DE POLÍCIA DA 174ª CIRCUNSCRIÇÃO - BREJINHO     -     DINTER2/20ªDESEC,1,DP DE BREJINHO,DP174ªCIRC,51,S,S,N,N,N,
265,DELEGACIA DE POLÍCIA DA 175ª CIRCUNSCRIÇÃO - SOLIDÃO     -     DP175ªCIRC  DINTER2/20ªDESEC,1,DP DE SOLIDAO,DP175ªCIRC,51,S,S,N,N,N,
4172,DIRESP - DEPARTAMENTO DE REPRESSAO AO CRIME ORGANIZADO - DRACO,1,,DRACO,4122,N,N,N,N,N,
4177,FORÇA NACIONAL DE SEGURANÇA PÚBLICA - FNSP (SENASP),20,,FNSP,4177,S,N,N,N,N,
4287,CADEIA PÚBLICA DE RIBEIRÃO,16,,CP - RIBEIRÃO,,N,N,N,N,N,
317,DRACO - GRUPO DE OPERACOES ESPECIAIS - GOE,1,,GOE PC,4172,S,N,N,N,N,
315,DEPATRI - DELEGACIA DE POLÍCIA DE ROUBOS E FURTOS DE VEÍCULOS - DPRFV,1,FURTO E ROUBO DE VEICULOS,DPRFV,2141,S,S,N,N,N,
318,DPMUL - 01ª DELEGACIA DE POLÍCIA DA MULHER - 1ª DEMUL SANTO AMARO,1,,"1ªDEMUL",4112,S,S,N,N,N,
319,DELEGACIA PELA INTERNET,1,DELEGACIA DA INTERNET,DI,4122,N,N,S,N,N,
320,DELEGACIA DE POLICIA DE PLANTAO - 1A. SECCIONAL- BOA VISTA,1,DELEGACIA DE PLANTAO,DPP1ªSECBV,4116,N,N,N,N,N,
321,DELEGACIA DE POLICIA DE PLANTAO - 7A. SECCIONAL - OLINDA,1,DELEGACIA DE PLANTAO,"7ASEC",,S,S,N,N,N,
322,DEPATRI - DELEGACIA DE POLÍCIA DE ROUBOS E FURTOS DE CARGAS - DPRFC,1,DELEGACIA ESPECIALIZADA,DPRFC,2141,S,N,N,N,N,
323,DIRESP - DEPARTAMENTO DE POLÍCIA DA CRIANÇA E DO ADOLESCENTE - DPCA,1,ESPECIALIZADA,DPCA,4122,S,S,N,N,N,
324,DHPP - DELEGACIA DE POLÍCIA DE PLANTÃO DE HOMICÍDIO - DPPH,1,,DPPH,2113,S,S,N,N,N,
325,DRACO - DELEGACIA DE CRIMES CONTRA A ORDEM TRIBUTARIA - DECCOT,1,,DECCOT PC,4172,S,S,N,N,N,
326,DEPATRI - DELEGACIA DE POLÍCIA DO TURISTA - DPTUR,1,,DPTUR,2141,S,S,N,N,N,
327,DENARC - 1ª DELEGACIA DE POLICIA DE REPRESSÃO AO NARCOTRÁFICO - 1ªDPRN,1,,"1ªDPRN",4114,S,N,N,N,N,
328,DELEGACIA DE POLICIA DE CRIMES CONTRA O CONSUMIDOR,1,,DECON PC,4122,S,N,N,N,N,
329,DEPATRI - DELEGACIA DE POLÍCIA DE REPRESSÃO AO ESTELIONATO - DPRE,1,,DPRE,2141,S,N,N,N,N,
330,DELEGACIA DE POLICIA DO MEIO AMBIENTE - DEPOMA,1,,DEPOMA PC,4122,S,S,N,N,N,
331,DELEGACIA DE CRIMES CONTRA ADMINISTRACAO E SERVICOS PUBLICOS - DECASP,1,,DECASP PC,4122,N,N,N,N,N,
332,DEPATRI - DELEGACIA DE POLÍCIA DE ROUBOS E FURTOS - DPRF,1,,DPRF,2141,S,N,N,N,N,
333,DPMUL - 02ª DELEGACIA DE POLÍCIA DA MULHER - 2ªDEMUL PRAZERES,1,,"2ªDEMUL",4112,S,S,N,N,N,
334,POSTO POLICÍAL DO HOSPITAL DA RESTAURACAO - DP4ªCIRC DIM/2ªDESEC  ,1,,PPHR DP4ªCIRC,94,S,N,N,N,N,
335,POSTO POLICIAL DO HOSPITAL GETULIO VARGAS - 6ª CIRC. DEL. DO CORDEIRO,1,,PPHGV,,S,S,N,N,N,
336,POSTO POLICIAL DO HOSPITAL OTAVIO DE FREITAS - 12ª CIRC. - DEL. DE TEJIPIO,1,,PPHOF,,S,S,N,N,N,
337,DELEGACIA DE POLICIA DE PLANTAO - 4A. SECCIONAL - CORDEIRO,1,DELEGACIA DE PLANTAO DO CORDEIRO,"4A.DELPLAN",,S,N,N,N,N,
340,POSTO POLICIAL DE BONANCA - 21ª CIRC. - DEL. DE MORENO,1,CRIADO PARA ATENDER A MIGRACAO,PPB,,S,S,N,N,N,
338,NUCLEO DO IPSEP,1,CRIADO PARA ATENDER A MIGRACAO ,,,N,,,,N,
339,POSTO POLICIAL DO HOSPITAL AGAMENON MAGALHAES - 5ª CIRC. - DEL. DE CASA AMARELA,1,CRIADO PARA ATENDER A MIGRACAO,PPHAM,,S,S,,,,
2000,GACE,4,GERENCIA ANALISE CRIMINAL E ESTATISICA,GACE,,N,N,N,N,S,
2001,DTI,1,Unidade de Tecnologia da Informação,DTI,,N,N,N,N,N,
2002,DELEGACIA DE TREINAMENTO - SDS,4,TREINA-SDS,TREINA-SDS,,S,S,N,N,S,
2003,CPD - CENTRO DE PROCESSAMENTO DE DADOS,2,TREINA-SDS,TREINA-SDS,,S,S,N,N,S,
2087,DELEGACIA DE POLICIA DE PLANTAO - 8A. SECCIONAL- PAULISTA,1,,DPP8ªSP,,S,S,N,N,N,
2088,DPMUL - 04ª DELEGACIA DE POLÍCIA DA MULHER - 4ªDEMUL CARUARU,1,,"4ªDEMUL",4112,S,S,N,N,N,
2089,COORDENADORIA DE INTELIGÊNCIA - CINT,8,,CINT - CAMIL,,,,,,N,
2090,UNIDADE MOVEL,1,,UNIDMOVEL,,S,S,,,N,
2091,DPCA - UNIDADE DE PREVENÇÃO E REPRESSÃO AOS CRIMES CONTRA CRIANÇA E ADOLESCENTE - UNIPRECA,1,,UNIPRECA,323,S,S,N,N,N,
2092,DPCA - UNIDADE DE PREVENÇÃO E REPRESSÃO AOS ATOS INFRACIONAIS - UNIPRAI,1,,UNIPRAI,323,S,N,N,N,N,
2093,DEPATRI - DELEGACIA DE POLÍCIA DE DELITOS DE TRÂNSITO - DPDT,1,,DPDT,2141,S,S,N,N,N,
2094,PGR/PE - PETROLINA,10,,PGR/PE - PET,,,,,,,
4288,CADEIA PÚBLICA DE SALOÁ,16,,CP - SALOÁ,,N,N,N,N,N,
4289,CADEIA PÚBLICA DE SANTA MARIA DA BOA VISTA,16,,CP - SANTA MARIA DA BOA VISTA,,N,N,N,N,N,
4290,CADEIA PÚBLICA DE SANTA MARIA DO CAMBUCÁ,16,,CP - SANTA MARIA DO CAMBUCÁ,,N,N,N,N,N,
4388,SECRETARIA DE PLANEJAMENTO GESTAO E DESENVOLVIMENTO REGIONAL,85,,SEPLAG,,N,N,N,N,N,
2021,"3A. COMPANHIA DO 12 BPM - TEJIPIO",2,,"3CIA-12BPM",68,N,,,,N,
2022,"4A. COMPANHIA DO 12 BPM - VARZEA",2,,"4CIA-12BPM",68,N,,,,N,
2027,"1A. COMPANHIA DO 6 BPM",2,,"1CIA 6BPM",70,N,,,,N,
2028,"2A. COMPANHIA DO 6 BPM",2,,"2CIA 6BPM",70,N,,,,N,
2030,"2A. COMPANHIA DO 9 BPM",2,,"2CIA 9BPM",82,N,,,,N,
2032,"1A. COMPANHIA DO 7 BPM",2,,"1CIA 7BPM",88,N,,,,N,
2034,"1A. COMPANHIA DO 8 BPM",2,,"1CIA 8BPM",87,N,,,,N,
341,POSTO POLICIAL DE GAIBU - 40ª - CIRC. - DEL. DO CABO DE STº AGOSTINHO,1,,PPG,,S,N,N,N,N,
2036,CENTRO INTEGRADO DE OPERAÇÕES DA SECRETARIA DE DEFESA SOCIAL,4,,CIODS,,N,N,N,N,N,
2037,DHPP - 01ª DELEGACIA DE POLÍCIA DE HOMICÍDIOS - DPH ,1,,DPH,2113,S,N,N,N,N,
2038,"11º DEREPOL - DEPARTAMENTO REGIONAL DE POLICIA CIVIL",1,,"11DEREPOL",,S,N,N,N,N,
2039,ACADEMIA DE POLICIA,1,,ACADEPOL,,N,N,N,N,N,
2040,"6A. DPMET - DELEGACIA POLICIA METROPOLITANA",1,,"6A. DPMET",,N,N,N,N,N,
2041,DIRETORIA DE POLICIA JUDICIÁRIA - PC,1,,DPJ,,N,N,N,N,N,
2042,DIRETORIA DE RECURSOS HUMANOS - PC,1,,DIRH,,N,N,N,N,N,
2043,"3º DEREPOL - DEPARTAMENTO REGIONAL DE POLICIA CIVIL",1,,"3º DEREPOL",,N,N,N,N,N,
2044,PERITO CRIMINAL,5,,PER_CRIMI,,N,N,N,N,N,
2045,CIPMOTO - COMPANHIA INDEPENDENTE DE POLICIAMENTO COM MOTOCICLETA,2,,CIPMOTO,4121,N,S,N,N,N,
2049,CENTRO INTEGRADO DE INTELIGENCIA DE DEFESA SOCIAL,4,,CIIDS,,N,N,N,N,N,
2047,GERENCIA DE TECNOLOGIA DA INFORMACAO,4,,GTI,,N,N,N,N,N,
2048,DISQUE DENUNCIA,4,,DISQUE,,N,N,N,N,N,
2050,ACADEMIA DE POLICIA MILITAR DE PAUDALHO,2,,APMP,,N,N,N,N,N,
2051,BPTUR - BATALHÃO DE POLICIAMENTO TURÍSTICO,2,,BPTUR,4121,N,S,N,N,N,
2052,DAI,4,,DAI,,N,N,N,N,N,
2053,"1º. BPTRAN - 1º BATALHÃO DE POLICIAMENTO DE TRÂNSITO",2,,"1º. BPTRAN",,N,S,N,N,N,
2054,DIRETORIA METROPOLITANA,2,,DIM,,N,N,N,N,N,
2055,NUCLEO DE BOA VIAGEM,2,,NSC - BV,,N,N,N,N,N,
2056,"2ª. EM - 2ª SECAO DO ESTADO MAIOR",2,,"2ª. EMGPM",,N,N,N,N,N,
2057,COMANDO GERAL,2,,CG,,N,N,N,N,N,
2058,BPRV - BATALHÃO DE POLÍCIA RODOVIÁRIA,2,,BPRV,,N,S,N,N,N,
2059,ASSISTENCIA DO COMANDO GERAL - PMPE,2,,ASS. CG,,N,N,N,N,N,
2060,OUVIDORIA,4,,OUVIDORIA,,N,N,N,N,N,
2061,DEPARTAMENTO DE FINANCAS DIVISAO DE TESOURARIA,1,,DEFINAN,,N,N,N,N,N,
2062,CORREGEDORIA GERAL DE POLICIA,2,,CORREGE,,N,N,N,N,N,
2063,SETEL - SERVIÇO TELEFONICO,4,,SETEL,,N,N,N,N,N,
2064,COMANDO DA REGIÃO METROPOLITANA,2,,CRM,,N,N,N,N,N,
2065,NSC - CARMO,2,,NSC-CARMO,,N,N,N,N,N,
2066,BPGD - BATALHÃO DE POLÍCIA DE GUARDA,2,,BPGD,4121,N,S,N,N,N,
2067,NSC - BONSUCESSO,2,,NSC-BONSUC,,N,N,N,N,N,
2068,COMANDO DE POLICIAMENTO DO INTERIOR,2,,CPAI-1,,N,N,N,N,N,
2069,"20º. BPM - 20º BATALHÃO DE POLÍCIA MILITAR",2,,"20º.BPM",4118,N,S,N,N,N,
2070,GERENCIA GERAL DE ARTICULAÇÃO INSTITUCIONAL E GESTÃO OPERACIONAL COMUNITARIA,4,,GGAIGOC,,N,N,N,N,N,
2071,BPRP - BATALHÃO DE RÁDIO PATRULHA,2,,BPRP,,N,S,N,N,N,
2072,BPCHOQUE - BATALHÃO DE POLÍCIA DE CHOQUE,2,,BPCHOQUE,4121,N,S,N,N,N,
2073,GRUPAMENTO AEREO,2,,GRAER,,N,N,N,N,N,
2074,CIPCAES - COMPANHIA INDEPENDENTE DE POLICIAMENTO COM CÃES,2,,CIPCAES,,N,S,N,N,N,
2075,NSC - RECIFE ANTIGO,2,,NSC-RECIFE,,N,N,N,N,N,
2076,DIRETORIA DE INTELIGENCIA,1,,DINTEL,,S,S,N,N,N,
2077,DIM - COORDENAÇÃO DOS SERVIÇOS DE PLANTÃO POLICIAL - COORDPLAN,1,,COORDPLAN,4116,N,N,N,N,N,
2078,DIVAC,6,,DIVAC,,N,N,N,N,N,
2079,"12º DEREPOL - DEPARTAMENTO REGIONAL DE POLICIA CIVIL",1,,"12 DEREPOL",,N,N,N,N,N,
2080,"9º DEREPOL - DEPARTAMENTO REGIONAL DE POLICIA CIVIL",1,,"9º DEREPOL",,N,N,N,N,N,
2081,DIVPROIC,6,,DIVPROIC,,N,N,N,N,N,
2082,GERENCIA DE INTELIGENCIA,1,,GINT,,N,N,N,N,N,
2083,UNIDADE DE SERVIÇOS GERAIS,1,,USG,,N,N,N,N,N,
2085,POSTO POLICIAL DA CEASA - 13ª CIRC. - DEL. DE MUSTARDINHA,1,,PPC,,S,N,N,N,N,
2086,POSTO POLICIAL IGNES ANDREAZZA - 11ª CIRC. - DEL. DE AFOGADOS,1,,PPIA,,S,S,N,N,N,
2095,DHPP - DELEGACIA POLICIAL DO IDOSO - DPID,1,,DPI,2113,S,S,N,N,N,
2096,DELEGACIA DE POLICIA DE CRIMES CONTRA A PROPRIEDADE IMATERIAL - DEPRIM,1,,DEPRIM PC,4122,S,N,N,N,N,
2097,POSTO POLICIAL - HOSPITAL DOM MOURA,1,,PPHDM,224,S,S,,,N,
2098,DPCA - DELEGACIA DE POLÍCIA DE CRIMES CONTRA CRIANÇA E ADOLESCENTE,1,,DECCA,323,S,S,N,N,N,
2099,DPCA - DELEGACIA DE POLICIA DE ATOS INFRACIONAIS - DPAI,1,,DEPAI ,323,S,S,N,N,N,
2100,POSTO POLICIAL DA CEASA- 12ª CIRCUNSCRICAO - TEJIPIO,1,,PPCEASA,102,,,,,,
2101,DPMUL - 03ª DELEGACIA DE POLÍCIA DA MULHER  - 3ªDEMUL PETROLINA,1,,"3ªDEMUL",4112,S,S,N,N,N,
2102,POSTO POLICIAL DO HOSPITAL AGAMENON MAGALHÃES,1,,PPHAM,95,,,,,,
2103,DHPP - FORÇA TAREFA DE HOMICÍDIOS NA CAPITAL,1,,FTHC,2113,S,N,N,N,N,
2104,DHPP - FORÇA TAREFA DE HOMICÍDIOS DA REGIÃO METROPOLITANA SUL,1,,FTHRM,,S,N,N,N,N,
2105,DHPP - FORÇA TAREFA DE HOMICÍDIOS DA REGIÃO METROPOLITANA NORTE,1,,FTHRMN,2113,S,N,N,N,N,
2106,POSTO POLICIAL DO HOSPITAL REGIONAL DO AGRESTE - 90ª CIRCUNSCRICAO CARUARU,1,,PPHRA,180,S,S,,,,
2107,GABINETE,4,,GAB.,,,,,,,
2108,POSTO POLICIAL DO HOSPITAL DOM MALAM - PETROLINA,1,,PPHDM,57,S,S,,,,
2110,CORREGEDORIA GERAL DA SDS,1,,CORGER,,,,,,,
2109,CORREGEDORIA GERAL DA SDS,4,,CORGER,2109,,,,,,
2111,DPMUL - 07ª DELEGACIA DE POLICIA DA MULHER  - 7ªDEMUL SURUBIM,1,,"7ªDEMUL",4112,S,S,N,N,N,
2112,DHPP - DELEGACIA DE DESAPARECIDOS E DE PROTECAO A PESSOA - DDPP,1,,DDPP,2113,S,S,N,N,N,
2113, DEPARTAMENTO DE HOMICÍDIOS E PROTEÇÃO A PESSOA,1,,DHPP,4122,N,N,N,N,N,
2114,DPMUL - 09ª DELEGACIA DE POLÍCIA DA MULHER - 9ªDEMUL GARANHUNS,1,,"9ªDEMUL",4112,S,S,N,N,N,
2115,POSTO POLICIAL DO HOSPITAL MIGUEL ARRAES - 28ª CIRC DEL. PAULISTA,1,,PPHMA,118,S,S,,,,
2116,DELEGACIA DE POLICIA DE PLANTAO - 11A. SECCIONAL - GOIANA,1,,USPGOIANAPL,4115,S,S,N,N,N,
2117,"7ª DELEGACIA DE POLICIA DE PLANTAO DA GPCA - 7ªDPPLANGPCA",1,,"7ªDPPGPCA",323,S,S,,,,
2118,DPCA - 13ªDELEGACIA DE  POLÍCIA DE PLANTÃO DE CRIMES CONTRA CRIANÇA  ADOLESCENTE E ATOS INFRACIONAIS,1,,"13ªDPPCCCAAI",323,S,S,N,N,N,
2119,DPMUL - 05ª DELEGACIA DE POLÍCIA DA MULHER - 5ª DEMUL PAULISTA,1,,"5ªDEMUL",4112,S,S,N,N,N,
2120,DPCA - 1ª. DEL. DE POLÍCIA DE CRIMES CONTRA A CRIANÇA E ADOLESCENTE E ATOS INFRACIONAIS - PAULISTA,1,,"1ªDPCCAI",,S,N,N,N,N,
2121,DPCA - DELEGACIA DE POLÍCIA DE PREVENÇÃO E REPRESSÃO AOS ATOS INFRACIONAIS - PAULISTA,1,,DPRAI,323,S,S,N,N,N,
2122,GEPCA - POSTO POLICIAL DA CEASA,1,,GPCAPPC,323,S,S,,,,
2123,GERÊNCIA DE CONTROLE OPERACIONAL ESPECIALIZADA DA POLICIA CIVIL,1,,GCOE PC,4122,N,N,N,N,N,
2124,POSTOPC/POSTO POLICIAL DE SAO DOMINGOS - 107A. CIRC. (BREJO DA MADRE DE DEUS),1,,POSTOPCSD,197,S,S,,,,
2125,PPHDHC - POSTO POLICIAL HOSPITAL DOM HELDER CAMARA,1,,PPHDHC,131,S,S,,,,
2126,DIRETORIA DE PLANEJAMENTO OPERACIONAL - PM,2,,DPO,2057,S,N,N,N,N,
2127,COMANDO DE POLICIAMENTO DA CAPITAL,2,,CPC,2126,S,S,,,,
2128,"4ª. CIPM - 4ª COMPANHIA INDEPENDENTE DE POLICIA MILITAR - PETROLÂNDIA",2,,"4ªCIPM",4120,N,S,N,N,N,
2129,"5A. COMPANHIA INDEPENDENTE DE POLICIA MILITAR ",2,,"5ªCIPM",4119,N,S,N,N,N,
2130,"6ª. CIPM - 6ª COMPANHIA INDEPENDENTE DE POLÍCIA MILITAR - LIMOEIRO",2,,"6ªCIPM",4119,N,S,N,N,N,
2131,"7ª. CIPM - 7ª COMPANHIA INDEPENDENTE DE POLÍCIA MILITAR - SANTA MARIA DA BOA VISTA",2,,"7ªCIPM",4120,N,S,N,N,N,
2132,"7A. COMPANHIA INDEPENDENTE DE POLICIA MILITAR",2,,"7ªCIPM",,,,,,,
2133,"8ª. CIPM - 8ª COMPANHIA INDEPENDENTE DE POLÍCIA MILITAR - PESQUEIRA",2,,"8ªCIPM",,N,S,N,N,N,
2134,DPCA - 2ª. DEL. DE POLICIA DE CRIMES CONTRA A CRIANÇA E ADOLESCENTE E ATOS INFRACIONAIS - JABOATÃO,1,,"2ªDPCCAI",323,S,S,N,N,N,
2135,DPCA - DELEGACIA DE POLÍCIA DE PREVENÇÃO E REPRESSÃO AOS ATOS INFRACIONAIS - JABOATÃO DOS GUARARAPES,1,,DPRAI-J,323,S,S,N,N,N,
2136,BPA - BATALHÃO DE POLICIAMENTO AMBIENTAL,2,,BPA,,N,S,N,N,N,
2137,BOPE - BATALHÃO DE OPERACÕES POLICIAIS ESPECIAIS,2,,BOPE,4121,S,S,N,N,N,
2138,DRACO - DELEGACIA DE POLICIA INTERESTADUAL E CAPTURAS - POLINTER,1,,POLINTER PC,4172,S,S,N,N,N,
2139,RPMONT - REGIMENTO DE POLÍCIA MONTADA - DIAS CARDOSO,2,,RPMONT,,N,S,N,N,N,
2140,BATALHÃO ESPECIALIZADO DE POLICIAMENTO DO INTERIOR,2,,BEPI,,,S,,,,
2141,DEPARTAMENTO DE REPRESSÃO AOS CRIMES PATRIMONIAIS,1,,DEPATRI PC,4122,S,S,N,N,N,
2142,,,,,,,,,,,
2143,"19ª DELEGACIA DE POLICIA DE PLANTAO -  JABOATAO",1,,"19ªDPPJAB",37,S,S,,,,
2145,DPMUL - 10ª DELEGACIA DE POLÍCIA DA MULHER  - 10ªDEMUL  VITORIA DE SANTO ANTAO,1,,"10ªDEMUL ",4112,S,S,N,N,N,
2146,,,,,,,,,,,
2144,DPMUL - 08ª DELEGACIA DE POLÍCIA DA MULHER  - 8ªDEMUL GOIANA,1,,"8ªDEMUL",4112,S,S,N,N,N,
2147,DPMUL - 14ª DELEGACIA DE POLÍCIA DA MULHER - 14ªDEMUL CABO DE SANTO AGOSTINHO,1,,"14ªDEMUL",4112,S,N,N,N,N,
2148,DPCA - DELEGACIA  POLÍCIA DE CRIMES CONTRA CRIANÇA E ADOLESCENTE - PLANTÃO,1,,DECCA-PLANTÃO,323,S,N,N,N,N,
2149,DELEGACIA DE POLICIA DE PLANTAO - 213ª CIRCUNSCRICAO - PETROLINA,1,,DPP213CIRC,57,S,,,,,
2150,UNIDADE INTEGRADA DE SEGURANCA - CURADO,1,,UIS-CURADO,,S,,,,,
2151,DINTER1 - 16ª DELEGACIA DE POLÍCIA DE HOMICÍDIOS - GOIANA,1,,"16ªDPHGOIANA",4115,S,N,N,N,N,
2152,DINTER1 - 17ª DELEGACIA DE POLÍCIA DE HOMICÍDIOS - VITÓRIA DE SANTO ANTÃO,1,,"17ªDPHVIT",4115,S,N,N,N,N,
2156,"DINTER1 - 19ª DELEGACIA DE POLICÍA DE HOMICÍDIOS - CARUARU, DA 3A DH-AGRESTE",1,,"19ªDPHCARUARU",4115,S,N,N,N,N,
2154,DINTER1 - 18ª DELEGACIA DE POLÍCIA DE HOMICÍDIOS - PALMARES,1,,"18DPHPALM",4115,S,N,N,N,N,
2155,DINTER1 - 3ª DIVISÃO DE HOMICÍDIOS - AGRESTE,1,,"3ªDHAGRESTE",4115,S,N,N,N,N,
2157,"DINTER1 - 20ª DELEGACIA DE POLÍCIA DE HOMICÍDIOS - CARUARU, DA 3A DH-AGRESTE",1,,"20ªDPHCARUARU",4115,S,N,N,N,N,
2158,"DINTER1 - 21ª DELEGACIA DE POLÍCIA DE HOMICÍDIOS - SANTA CRUZ DO CAPIBARIBE, DA 3A DH-AGRESTE",1,,"21ªDPH",4115,S,N,N,N,N,
2159,"DINTER1 - 22ª DELEGACIA DE POLÍCIA DE HOMICÍDIOS - GARANHUNS, DA 3A DH-AGRESTE",1,,"22ªDPH",4115,S,N,N,N,N,
2160,DRACO - DELEGACIA DE POLICIA DE REPRESSAO AO CRIME CIBERNETICO - DPCRICI,1,,DPCRICI,4172,S,N,N,N,N,
2161,DIRESP - DIVISÃO DE HOMICÍDIOS METROPOLITANA NORTE - DHMN,1,,DHMN,2113,S,N,N,N,N,
2162,DIRESP - 06ª DELEGACIA DE POLÍCIA DE HOMICÍDIOS - PAULISTA,1,,"6ªDPH",2161,S,N,N,N,N,
2163,DIRESP - 07ª DELEGACIA DE POLÍCIA DE HOMICÍDIOS - PAULISTA,1,,"7ªDPH",2161,S,N,N,N,N,
2164,DIRESP - 8ª DELEGACIA DE POLÍCIA DE HOMICÍDIOS - PAULISTA,1,,"8ªDPH",2161,S,N,N,N,N,
2165,DIRESP - 9ª DELEGACIA DE POLÍCIA DE HOMICÍDIOS - OLINDA,1,,"9DPH",2161,S,N,N,N,N,
2166,DIRESP - 10ª DELEGACIA DE POLÍCIA DE HOMICÍDIOS -SÃO LOURENÇO DA MATA,1,,"10ªDPH",2161,S,N,N,N,N,
2167,DIRESP - DIVISÃO DE HOMICÍDIOS METROPOLITANA SUL - DHMS ,1,,DHMS,,S,N,N,N,N,
2168,DIRESP - 11ª DELEGACIA DE POLÍCIA DE HOMICÍDIOS - JABOATÃO DOS GUARARAPES,1,,"11ªDPH",2167,S,N,N,N,N,
2169,DIRESP - 12ª DELEGACIA DE POLÍCIA DE HOMICÍDIOS - JABOATÃO DOS GUARARAPES,1,,"12ªDPH",2167,S,N,N,N,N,
2170,DIRESP - 13ª DELEGACIA DE POLÍCIA DE HOMICÍDIOS- JABOATÃO DOS GUARARAPES/MORENO,1,,"13ªDPH",2167,S,N,N,N,N,
2171,DIRESP - 14ª DELEGACIA DE POLÍCIA DE HOMICÍDIOS- CABO DE SANTO AGOSTINHO,1,,"14ªDPH",2167,S,N,N,N,N,
2172,DIRESP - 15ª DELEGACIA DE POLÍCIA DE HOMICÍDIOS -IPOJUCA,1,,"15ªDPH",2167,S,N,N,N,N,
2173,DELEGACIA DE REPRESSAO A INTOLERANCIA ESPORTIVA - DPRIE,1,,DPRIE,2167,S,,,,,
1174,CENTRAL DE PLANTOES DA CAPITAL,1,,CEPLANC,4116,S,S,N,N,N,
4110,NUCLEO DE GESTORES,4,,NGES,,N,N,N,N,N,
4116,DIRETORIA INTEGRADA METROPOLITANA - POLICIA CIVIL,1,,DIM PC,,N,N,N,N,N,
4112,DIRESP - DEPARTAMENTO DE POLÍCIA DA MULHER,1,,DPMUL PC,4122,N,N,N,N,N,
4113,DPMUL - NÚCLEO DE PREVENÇÃO AOS CRIMES CONTRA A MULHER -NUPREM,1,,NUPREM,4112,N,N,N,N,N,
4114,DEPARTAMENTO DE REPRESSÃO AO NARCOTRÁFICO - DENARC,1,,DENARC,4122,N,N,N,N,N,
4115,DIRETORIA INTEGRADA DO INTERIOR 1 - POLICIA CIVIL,1,,DINTER-1 PC,,N,N,N,N,N,
4117,DIRETORIA INTEGRADA DO INTERIOR 2 - POLICIA CIVIL,1,,DINT2 PC,,N,N,N,N,N,
4118,DIRETORIA INTEGRADA METROPOLITANA - PM,2,,DIM,,N,N,N,N,N,
4119,DIRETORIA INTEGRADA DO INTERIOR 1 - PM,2,,DINT 1,,N,N,N,N,N,
4120,DIRETORIA INTEGRADA DO INTERIOR 2 - PM,2,,DINT 2,,N,N,N,N,N,
4121,DIRETORIA DE POLICIA ESPECIALIZADA - PM,2,,DIRESP,,N,N,N,N,N,
4122,DIRETORIA ESPECIALIZADA DA POLICIA CIVIL,1,,DIRESP-PC,,N,N,N,N,N,
4123,DIM - GERÊNCIA DE CONTROLE OPERACIONAL METROPOLITANO DA POLICIA CIVIL,1,,GCOM,4116,N,N,N,N,N,
4124,DIM - GERÊNCIA DE CONTROLE OPERACIONAL INTERIOR 1 DA POLICIA CIVIL,1,,GCOI1-PC,4115,N,N,N,N,N,
4125,DIM - GERÊNCIA DE CONTROLE OPERACIONAL INTERIOR 2 DA POLICIA CIVIL,1,,GCOI2 PC,4117,N,N,N,N,N,
4129,DPMUL - 06ª DELEGACIA DE POLÍCIA DA MULHER - 6ªDMUL IPOJUCA,1,,"6ª DMUL",4112,S,N,N,N,N,
4127,DENARC - 2ª DELEGACIA DE POLICA DE REPRESSÃO AO NARCOTRÁFICO - 2ªDPRN,1,,"2ªDPRN",4114,S,N,N,N,N,
4128,DENARC - 3ª DELEGACIA DE POLICA DE REPRESSÃO AO NARCOTRÁFICO - 3ªDPRN,1,,"3ªDPRN",4114,S,N,N,N,N,
4130,DPMUL - 11ª DELEGACIA DE POLÍCIA DA MULHER - 11ªDEMUL SALGUEIRO,1,,"11ªDEMUL",4112,S,N,N,N,N,
4131,DPMUL - 12ª DELEGACIA DE POLÍCIA DA MULHER - 12ªDEMUL OURICURI,1,,"12ªDEMUL",4112,N,N,N,N,N,
4132,DPMUL - 13ª DELEGACIA DE POLÍCIA DA MULHER - 13ªDEMUL AFOGADOS DA INGAZEIRA,1,,"13ªDEMUL",4112,N,N,N,N,N,
4133,DHPP - 02ª DELEGACIA DE POLÍCIA DE HOMICÍDIOS - 2ªDPH,1,,"2ªDPH",2113,S,N,N,N,N,
4134,DHPP - 03ª DELEGACIA DE POLÍCIA DE HOMICÍDIOS - 3ªDPH,1,,"3ªDPH",2113,S,N,N,N,N,
4135,DHPP - 04º DELEGACIA DE POLÍCIA DE HOMICÍDIOS - 4ªDPH,1,,"4ªDPH",2113,S,N,N,N,N,
4136,DHPP - 05º DELEGACIA DE POLÍCIA DE HOMICÍDIOS - 5ªDPH,1,,"5ªDPH",2113,S,N,N,N,N,
4137,DPMUL - NÚCLEO DE PREVENÇÃO AOS CRIMES CONTRA A MULHER,1,,NUPREM,4112,N,N,N,N,N,
4138,NUCLEO DE INTELIGENCIA POLICIAL,11,,NIP,,N,N,N,N,N,
4139,UNIDADE DE INTELIGENCIA POLICIAL,11,,UIP,,N,N,N,N,N,
4140,DELEGACIA DE POLICIA FEDERAL,11,,DPF,,N,N,N,N,N,
4141,DELEGACIA DE POLÍCIA DA 019ª CIRCUNSCRIÇÃO - 2ª DELEGACIA DE POLICIA MURIBECA -    DIM/6ªDESEC,1,,"2ªDP19ªCIRC",37,S,N,N,N,N,
4142,DIRETORIA INTEGRADA METROPOLITANA,12,,DIM,,N,N,N,N,N,
4143,DELEGACIA DE POLÍCIA DE PLANTÃO DA 091ª CIRCUNSCRIÇÃO - BEZERROS - DPP91ªCIRC DINTER1/14ªDESEC,1,,DPP91ªCIRC,45,S,S,N,N,N,
4144,"24º. BPM - 24º BATALHÃO DE POLÍCIA MILITAR",2,,"24º.BPM",4119,N,S,N,N,N,
4145,BEPI - BATALHÃO ESPECIALIZADO DE POLICIAMENTO DO INTERIOR,2,,BEPI,4121,N,S,N,N,N,
4146,NUCLEO DE INTELIGÊNCIA - DPRF,15,,NI_DPRF,,N,N,N,N,N,
4381,CORREGEDORIA GERAL DA SDS,79,,CORGER,2109,N,N,N,N,N,
4387,DIRESP - FORÇA INTEGRADA DE COMBATE AO CRIME ORGANIZADO,1,,FICCO,4122,S,N,N,N,N,
4391,"3º. BIESP - 3º BATALHÃO INTEGRADO ESPECIALIZADO DE POLICIAMENTO - ARCOVERDE",2,,"3º.BIESP",,N,S,N,N,N,
4147,GERÊNCIA DE INTELIGÊNCIA E SEGURANÇA ORGÂNICA - GISO,16,,GISO,,N,N,N,N,N,
4148,GERÊNCIA GERAL DE ASSUNTOS JURÍDICOS,4,,GGAJ,,N,N,N,N,N,
4153,"1º. BIESP - 1º BATALHÃO INTEGRADO ESPECIALIZADO DE POLICIAMENTO - CARUARU",2,,"1º.BIESP",,N,S,N,N,N,
4155,DENARC - 5ª DELEGACIA DE POLICIA DE REPRESSÃO AO NARCOTRÁFICO - 5ªDPRN,1,,"5ªDPRN",4122,N,N,N,N,N,
4156,DENARC - 6ª DELEGACIA DE POLICIA DE REPRESSÃO AO NARCOTRÁFICO - 6ªDPRN ,1,,"6ªDPRN ",4122,S,N,N,N,N,
4164,"2º. BIESP - 2º BATALHÃO INTEGRADO ESPECIALIZADO DE POLICIAMENTO - PETROLINA",2,,"2ºBIESP",,N,S,N,N,N,
4165,"11ª. CIPM - 11ª COMPANHIA INDEPENDENTE DE POLÍCIA MILITAR -  LAJEDO",2,,"11ª.CIPM",4119,N,N,N,N,N,
4166,"10ª. CIPM - 10ª COMPANHIA INDEPENDENTE DE POLÍCIA MILITAR - TAMANDARÉ",2,,"10ªCIPM",4119,N,S,N,N,N,
4168,"26º. BPM - 26º BATALHÃO DE POLÍCIA MILITAR",2,,"26º BPM",4118,N,S,N,N,N,
4173,GUARDA MUNICIPAL (GUARDA CIVIL),17,,GM,,N,N,N,N,N,
4180,DRACO - 4ª DELEGACIA DE COMBATE A CORRUPÇÃO - 4ª DECCOR ,1,,"4ª DECCOR",4172,S,N,N,N,N,
4184,DPRF - METROPOLITANA,15,,DPRF,,N,N,N,N,N,
4188,UOP PRF - OURICURI,15,,UOPPRF,,N,N,N,N,N,
4191,DPRF - CARUARU,15,,DPRF,,N,N,N,N,N,
4192,DPRF - GARANHUNS,15,,DPRF,,N,N,N,N,N,
4194,DPRF - SALGUEIRO,15,,DPRF,,N,N,N,N,N,
4195,DPRF - PETROLINA,15,,DPRF,,N,N,N,N,N,
4198,SUPERITENDÊNCIA REGIONAL,11,,DPF,,N,N,N,N,N,
4219,CASEM GARANHUNS,76,,CASEM GARANHUNS,,N,N,N,N,N,
4220,CASEM PETROLINA,76,,CASEM PETROLINA,,N,N,N,N,N,
4225,COLÔNIA PENAL FEMININA DO RECIFE - CPFR,16,,CPFR,,N,N,N,N,N,
4226,HOSPITAL DE CUSTÓDIA E TRATAMENTO PSIQUIÁTRICO - HCTP,16,,HCTP,,N,N,N,N,N,
4227,PENITENCIÁRIA AGRO-INDUSTRIAL SÃO JOÃO - PAISJ,16,, PAISJ,,N,N,N,N,N,
4228,PENITENCIÁRIA DR ÊNIO PESSOA GUERRA - PDEPG,16,,PDEPG,,N,N,N,N,N,
4229,PENITENCIÁRIA DR ÊNIO PESSOA GUERRA - PDEPG,16,,PDEPG,,N,N,N,N,N,
4230,PENITENCIÁRIA DR. EDVALDO GOMES - PDEG,16,,PDEG,,N,N,N,N,N,
4231,PENITENCIÁRIA JUIZ PLÁCIDO DE SOUZA - PJPS,16,,PJPS,,N,N,N,N,N,
4265,CADEIA PÚBLICA DE GAMELEIRA,16,,CP - GAMELEIRA,,N,N,N,N,N,
4266,CADEIA PÚBLICA DE GARANHUNS,16,,CP - GARANHUNS,,N,N,N,N,N,
4267,CADEIA PÚBLICA DE GOIANA,16,,CP - GOIANA,,N,N,N,N,N,
4268,CADEIA PÚBLICA DE GOITÁ,16,,CP - GOITÁ,,N,N,N,N,N,
4269,CADEIA PÚBLICA DE GRAVATÁ,16,,CP - GRAVATÁ,,N,N,N,N,N,
4270,CADEIA PÚBLICA DE IBIMIRIM,16,,CP - IBIMIRIM,,N,N,N,N,N,
4271,CADEIA PÚBLICA DE IPUBI,16,,CP - IPUBI,,N,N,N,N,N,
4272,CADEIA PÚBLICA DE ITAMBÉ,16,,CP - ITAMBÉ,,N,N,N,N,N,
4273,CADEIA PÚBLICA DE ITAPETIM,16,,CP - ITAPETIM,,N,N,N,N,N,
4274,CADEIA PÚBLICA DE JATAÚBA,16,,CP - JATAÚBA,,N,N,N,N,N,
4275,CADEIA PÚBLICA DE JOÃO ALFREDO,16,,CP - JOÃO ALFREDO,,N,N,N,N,N,
4276,CADEIA PÚBLICA DE LAGOA DO CARRO,16,,CP - LAGOA DO CARRO,,N,N,N,N,N,
4277,CADEIA PÚBLICA DE LAJEDO,16,,CP - LAJEDO,,N,N,N,N,N,
4278,CADEIA PÚBLICA DE MACAPARANA,16,,CP - MACAPARANA,,N,N,N,N,N,
4279,CADEIA PÚBLICA DE MOREILÂNDIA,16,,CP - MOREILÂNDIA,,N,N,N,N,N,
4280,CADEIA PÚBLICA DE NAZARÉ DA MATA,16,,CP - NAZARÉ DA MATA,,N,N,N,N,N,
4281,CADEIA PÚBLICA DE OURICURI,16,,CP - OURICURI,,N,N,N,N,N,
4282,CADEIA PÚBLICA DE PARNAMIRIM,16,,CP - PARNAMIRIM,,N,N,N,N,N,
4283,CADEIA PÚBLICA DE PEDRA,16,,CP - PEDRA,,N,N,N,N,N,
4284,CADEIA PÚBLICA DE PETROLÂNDIA,16,,CP - PETROLÂNDIA,,N,N,N,N,N,
4285,CADEIA PÚBLICA DE PETROLINA,16,,CP - PETROLINA,,N,N,N,N,N,
4286,CADEIA PÚBLICA DE RIACHO DAS ALMAS,16,,CP - RIACHO DAS ALMAS,,N,N,N,N,N,
4291,CADEIA PÚBLICA DE SÃO BENTO DO UNA,16,,CP - SÃO BENTO DO UNA,,N,N,N,N,N,
4292,CADEIA PÚBLICA DE SÃO JOAQUIM,16,,CP - SÃO JOAQUIM,,N,N,N,N,N,
4293,CADEIA PÚBLICA DE SÃO JOSÉ DO BELMONTE,16,,CP - SÃO JOSÉ DO BELMONTE,,N,N,N,N,N,
4294,CADEIA PÚBLICA DE SÃO JOSÉ DO EGITO,16,,CP - SÃO JOSÉ DO EGITO,,N,N,N,N,N,
4295,CADEIA PÚBLICA DE SERRA TALHADA,16,,CP - SERRA TALHADA,,N,N,N,N,N,
4296,CADEIA PÚBLICA DE SERTÂNIA,16,,CP - SERTÂNIA,,N,N,N,N,N,
4297,CADEIA PÚBLICA DE TABIRA,16,,CP - TABIRA,,N,N,N,N,N,
4298,CADEIA PÚBLICA DE TAQUARITINGA DO NORTE,16,,CP - TAQUARITINGA DO NORTE,,N,N,N,N,N,
4299,CADEIA PÚBLICA DE TIMBAÚBA,16,,CP - TIMBAÚBA,,N,N,N,N,N,
4300,CADEIA PÚBLICA DE TRINDADE,16,,CP - TRINDADE,,N,N,N,N,N,
4301,CADEIA PÚBLICA DE TUPARETAMA,16,,CP - TUPARETAMA,,N,N,N,N,N,
4302,CADEIA PÚBLICA DE VENTUROSA,16,,CP - VENTUROSA,,N,N,N,N,N,
4303,CADEIA PÚBLICA DE VERDEJANTE,16,,CP - VERDEJANTE,,N,N,N,N,N,
4304,CADEIA PÚBLICA DE VICÊNCIA,16,,CP - VICÊNCIA,,N,N,N,N,N,
4305,POLICIA CIVIL ESTADO DE RONDONIA,65,,PCRO,,N,N,N,N,N,
4306,POLICIA CIVIL ESTADO DO ACRE,25,,PCAC,,N,N,N,N,N,
4307,POLICIA CIVIL ESTADO DE ALAGOAS,27,,PCAL,,N,N,N,N,N,
4308,POLICIA CIVIL ESTADO DO AMAPA,29,,PCAM,,N,N,N,N,N,
4309,POLICIA CIVIL ESTADO DO AMAZONAS,31,,PCAM,,N,N,N,N,N,
4310,POLICIA CIVIL ESTADO DA BAHIA,33,,PCBA,,N,N,N,N,N,
4311,POLICIA CIVIL DO ESTADO DO CEARA,35,,PCCE,,N,N,N,N,N,
4312,POLICIA CIVIL DO DISTRITO FEDERAL,37,,PCDF,,N,N,N,N,N,
4313,POLICIA CIVIL DO ESTADO DO ESPÍRITO SANTO,39,,PCES,,N,N,N,N,N,
4314,POLICIA CIVIL DO ESTADO DE GOIAS,41,,PCGO,,N,N,N,N,N,
4315,POLICIA CIVIL DO ESTADO DO MARANHÃO,43,,PCMA,,N,N,N,N,N,
4316,POLICIA CIVIL DO ESTADO DO MATO GROSSO,45,,PCMT,,N,N,N,N,N,
4317,POLICIA CIVIL DO ESTADO DO MATO GROSSO DO SUL,47,,PCMS,,N,N,N,N,N,
4318,POLICIA CIVIL DO ESTADO DO MINAS GERAIS,49,,PCMG,,N,N,N,N,N,
4319,POLICIA CIVIL DO ESTADO DO PARA,51,,PCPA,,N,N,N,N,N,
4320,POLICIA CIVIL DO ESTADO DA PARAIBA,53,,PCPB,,N,N,N,N,N,
4322,POLICIA CIVIL DO ESTADO DO PIAUI,57,,PCPI,,N,N,N,N,N,
4323,POLICIA CIVIL DO ESTADO DO RIO DE JANEIRO,59,,PCRJ,,N,N,N,N,N,
4324,POLICIA CIVIL DO ESTADO DO RIO GRANDE DO NORTE,61,,PCRN,,N,N,N,N,N,
4325,POLICIA CIVIL DO ESTADO DO RIO GRANDE DO SUL,63,,PCRS,,N,N,N,N,N,
4326,POLICIA CIVIL DO ESTADO DO RORAIMA,67,,PCRR,,N,N,N,N,N,
4327,POLICIA CIVIL DO ESTADO DE SANTA CATARINA,69,,PCSC,,N,N,N,N,N,
4328,POLICIA CIVIL DO ESTADO DE SERGIPE,73,,PCSE,,N,N,N,N,N,
4330,POLICIA CIVIL DO ESTADO DE SÃO PAULO,71,,PCSP,,N,N,N,N,N,
4331,POLICIA MILITAR DO ESTADO DE RONDONIA,64,,PMRO,,N,N,N,N,N,
4332,POLICIA MILITAR DO ESTADO DO ACRE,24,,PMAC,,N,N,N,N,N,
4333,POLICIA MILITAR DO ESTADO DE ALAGOAS,26,,PMAL,,N,N,N,N,N,
4334,POLICIA MILITAR DO ESTADO DO AMAPA,28,,PMAP,,N,N,N,N,N,
4335,POLICIA MILITAR DO ESTADO DO  AMAZONAS,30,,PMAM,,N,N,N,N,N,
4340,POLICIA MILITAR DO ESTADO DE GOIAS,40,,PMGO,,N,N,N,N,N,
4341,POLICIA MILITAR DO ESTADO DO MARANHÃO,42,,PMMA,,N,N,N,N,N,
4342,POLICIA MILITAR DO ESTADO DO MATO GROSSO,44,,PMMT,,N,N,N,N,N,
4359,DIVISÃO DE INVESTIGAÇÃO E APURAÇÃO DO TJPE,4,,DIVISÃO DE INVESTIGAÇÃO E APURAÇÃO DO TJPE,,S,S,N,N,N,
4159,DENARC - 9ª DELEGACIA DE POLICIA DE REPRESSÃO AO NARCOTRÁFICO - 9ªDPRN,1,,"9ªDPRN",4122,S,N,N,N,N,
4160,DENARC - 10ª DELEGACIA DE POLICIA DE REPRESSÃO AO NARCOTRÁFICO - 10ªDPRN,1,,"10ªDPRN",4122,S,N,N,N,N,
4161,DENARC - 11ª DELEGACIA DE POLICIA DE REPRESSÃO AO NARCOTRÁFICO - 11ªDPRN,1,,"11ªDPRN",4122,S,N,N,N,N,
4162,DENARC - 12ª DELEGACIA DE POLICIA DE REPRESSÃO AO NARCOTRÁFICO - 12ªDPRN,1,,"12ªDPRN",4122,S,N,N,N,N,
4170,DRACO - 1ª DELEGACIA DE COMBATE A CORRUPÇÃO -1ª DECCOR,1,,"1ª DECCOR",4172,S,N,N,N,N,
4171,DRACO - 2ª DELEGACIA DE COMBATE A CORRUPÇÃO - 2ª DECCOR ,1,,"2ª DECCOR ",4172,S,N,N,N,N,
4174,CIDADÃO (POPULAR),19,,POPULAR,,N,N,N,N,N,
4175,DIRETORIA DE ARTICULAÇÃO SOCIAL E DIREITOS HUMANOS - PM,2,,DASDH,,N,S,N,N,N,
4176,DASDH - DIRETORIA DE ARTICULAÇÃO SOCIAL E DIREITOS HUMANOS,2,,DASDH,4175,N,S,N,N,N,
4178,COMANDO DE OPERAÇÕES E RECURSOS ESPECIAIS,1,,CORE,,N,N,N,N,N,
4179,DRACO - 3ª DELEGACIA DE COMBATE A CORRUPÇÃO - 3ª DECCOR ,1,,"3ª DECCOR",4172,S,N,N,N,N,
4190,UOP PRF - RAJADA,15,,UOPPRF,,N,N,N,N,N,
4204,CASE PIRAPAMA,76,,CASE PIRAPAMA,,N,N,N,N,N,
4205,CASE JABOATÃO DOS GUARARAPES,76,,CASE JABOATÃO DOS GUARARAPES,,N,N,N,N,N,
4206,CASE SANTA LUZIA,76,,CASE SANTA LUZIA,,N,N,N,N,N,
4207,CASE TIMBAÚBA,76,,CASE TIMBAÚBA,,N,N,N,N,N,
4208,CASE VITÓRIA DE SANTO ANTÃO,76,,CASE VITÓRIA DE SANTO ANTÃO,,N,N,N,N,N,
4209,CASE CARUARU,76,,CASE CARUARU,,N,N,N,N,N,
4210,CASE PETROLINA,76,,CASE PETROLINA,,N,N,N,N,N,
4211,CASE/CENIP GARANHUNS,76,,CASE/CENIP GARANHUNS,,N,N,N,N,N,
4212,CASE/CENIP ARCOVERDE,76,,CASE/CENIP ARCOVERDE,,N,N,N,N,N,
4213,CASEM SANTA LUZIA,76,,CASEM SANTA LUZIA,,N,N,N,N,N,
4214,CASEM ROSARINHO,76,,CASEM ROSARINHO,,N,N,N,N,N,
4215,CASEM OLINDA,76,,CASEM OLINDA,,N,N,N,N,N,
4216,CASEM CASA AMARELA,76,,CASEM CASA AMARELA,,N,N,N,N,N,
4217,CASEM AREIAS,76,,CASEM AREIAS,,N,N,N,N,N,
4218,CASEM CARUARU,76,,CASEM CARUARU,,N,N,N,N,N,
4238,PRESÍDIO DE VITÓRIA DE SANTO ANTÃO - PVSA,16,,PVSA,,N,N,N,N,N,
4239,PRESÍDIO DESEMBARGADOR AUGUSTO DUQUE - PDAD,16,,PDAD,,N,N,N,N,N,
4243,PENITENCIÁRIA DE TACAIMBO - PTAC,16,,PTAC,,N,N,N,N,N,
4245,CADEIA PÚBLICA DE AFOGADOS DA INGAZEIRA,16,,CP - AFOGADOS DA INGAZEIRA,,N,N,N,N,N,
4246,CADEIA PÚBLICA DE AFRÂNIO,16,,CP - AFRÂNIO,,N,N,N,N,N,
4249,CADEIA PÚBLICA DE ALTINHO,16,,CP - ALTINHO,,N,N,N,N,N,
4250,CADEIA PÚBLICA DE ARARIPINA,16,,CP - ARARIPINA,,N,N,N,N,N,
4251,CADEIA PÚBLICA DE BARREIROS,16,,CP - BARREIROS,,N,N,N,N,N,
4252,CADEIA PÚBLICA DE BELÉM DO SÃO FRANCISCO,16,,CP - BELÉM DO SÃO FRANCISCO,,N,N,N,N,N,
4253,CADEIA PÚBLICA DE BEZERROS,16,,CP - BEZERROS,,N,N,N,N,N,
4254,CADEIA PÚBLICA DE BOM CONSELHO,16,,CP - BOM CONSELHO,,N,N,N,N,N,
4255,CADEIA PÚBLICA DE CABROBÓ,16,,CP - CABROBÓ,,N,N,N,N,N,
4256,CADEIA PÚBLICA DE CACHOEIRINHA,16,,CP - CACHOEIRINHA,,N,N,N,N,N,
4257,CADEIA PÚBLICA DE CAMOCIM DE SÃO FÉLIX,16,,CP - CAMOCIM DE SÃO FÉLIX,,N,N,N,N,N,
4263,CADEIA PÚBLICA DE EXU,16,,CP - EXU,,N,N,N,N,N,
4336,POLICIA MILITAR DO ESTADO DA BAHIA,32,,PMBA,,N,N,N,N,N,
4337,POLICIA MILITAR DO ESTADO DO CEARA,34,,PMCE,,N,N,N,N,N,
4338,POLICIA MILITAR DO ESTADO DO DISTRITO FEDERAL,36,,PMDF,,N,N,N,N,N,
4339,POLICIA MILITAR DO ESTADO DO ESPÍRITO SANTO,38,,PMES,,N,N,N,N,N,
4357,"1ª PROMOTORIA DE JUSTIÇA CRIMINAL DA CAPITAL",21,,"1ª PROMOTORIA DE JUSTIÇA CRIMINAL DA CAPITAL",,N,N,N,N,N,
4358,DIVISÃO DE INVESTIGAÇÃO E APURAÇÃO DO TJPE,77,,DIVISÃO DE INVESTIGAÇÃO E APURAÇÃO DO TJPE,,S,S,N,N,S,
4371,DPMUL - 15ª DELEGACIA DE POLÍCIA DA MULHER - 15ª DEAM OLINDA,1,,"15ª DEAM",4112,S,S,N,N,N,
4372,DPMUL - 16ª DELEGACIA DE POLÍCIA DA MULHER - 16ª DEAM PALMARES,1,,"16ª DEAM",4112,S,S,N,N,N,
4374,FORÇA TAREFA DE SEGURANÇA PÚBLICA DE PERNAMBUCO -  FTSP-PE,1,, FTSP-PE,4122,S,N,N,N,N,
4375,DELEGACIA DE REPRESSAO A INTOLERANCIA ESPORTIVA - DPRIE (UNIDADE MOVEL - ARENA),1,,DPRIE - UNIDADE MOVEL - ARENA,2173,S,N,N,N,N,
4369,POLÍCIA FERROVIÁRIA FEDERAL,18,,POLÍCIA FERROVIÁRIA FEDERAL,,S,N,N,N,N,
4389,"28º. BPM - 28º BATALHÃO DE POLÍCIA MILITAR",2,,"28º. BPM",4119,N,S,N,N,N,
4390,"29º. BPM - 29º BATALHÃO DE POLÍCIA MILITAR",2,,"29º. BPM",4119,N,S,N,N,N,
4154,DENARC - 4ª DELEGACIA DE POLICIA DE REPRESSÃO AO NARCOTRÁFICO - 4ªDPRN,1,,"4ªDPRN",4122,S,N,N,N,N,
4181,"2ª PROMOTORIA DE JUSTIÇA CRIMINAL DE CARUARU",21,,,,N,N,N,N,N,
4187,UOP PRF - CRUZEIRO DO NORDESTE,15,,UOPPRF,,N,N,N,N,N,
4343,POLICIA MILITAR DO ESTADO DO MATO GROSSO DO SUL,46,,PMMS,,N,N,N,N,N,
4344,POLICIA MILITAR DO ESTADO DE MINAS GERAIS,48,,PMMG,,N,N,N,N,N,
4345,POLICIA MILITAR DO ESTADO DO PARA,50,,PMPA,,N,N,N,N,N,
4346,POLICIA MILITAR DO ESTADO DA PARAIBA,52,,PMPB,,N,N,N,N,N,
4347,POLICIA MILITAR DO ESTADO DO PARANA,54,,PMPR,,N,N,N,N,N,
4348,POLICIA MILITAR DO ESTADO DO  PIAUI,56,,PMPI,,N,N,N,N,N,
4349,POLICIA MILITAR DO ESTADO DO RIO DE JANEIRO,58,,PMRJ,,N,N,N,N,N,
4350,POLICIA MILITAR DO ESTADO DO RIO GRANDE DO NORTE,60,,PMRN,,N,N,N,N,N,
4351,POLICIA MILITAR DO ESTADO DO RIO GRANDE DO SUL,62,,PMRS,,N,N,N,N,N,
4352,POLICIA MILITAR DO ESTADO DE RORAIMA,66,,PMRR,,N,N,N,N,N,
4353,POLICIA MILITAR DO ESTADO DE SANTA CATARINA,68,,PMSC,,N,N,N,N,N,
4354,POLICIA MILITAR DO ESTADO DE SÃO PAULO,70,,PMSP,,N,N,N,N,N,
4355,POLICIA MILITAR DO ESTADO DE SERGIPE,72,,PMSE,,N,N,N,N,N,
4356,POLICIA MILITAR DO ESTADO DE TOCANTINS,74,,PMTO,,N,N,N,N,N,
4360,DIVISÃO DE INVESTIGAÇÃO E APURAÇÃO DO TJPE,1,,DIVISÃO DE INVESTIGAÇÃO E APURAÇÃO DO TJPE,,S,S,N,N,N,
4380,DPCA - DELEGACIA DE POLÍCIA DE ATOS INFRACIONAIS - PLANTÃO,1,,DPAI - PLANTÃO,2099,S,N,N,N,N,
4383,FORÇA TAREFA BANCO CAPITAL - FTBC-PE,1,,FTBC-PE,4122,S,N,N,N,N,
4384,FORÇA TAREFA BANCO AGRESTE - FTBA-PE,1,,FTBA-PE,4122,S,N,N,N,N,
4385,FORÇA TAREFA BANCO SERTÃO 01 - FTBS01-PE,1,,FTBS01-PE,4122,S,N,N,N,N,
4386,FORÇA TAREFA BANCO SERTÃO 02 - FTBS02-PE,1,,FTBS02-PE,4122,S,N,N,N,N,
4163,IML PALMARES,7,,IML PALMARES,,N,N,N,N,N,
4167,LEI SECA,4,,LEI SECA,,S,S,N,N,N,
4169,"9ª. CIPM - 9º COMPANHIA INDEPENDENTE POLICIAL MILITAR",2,,"9ª CIPM",4120,N,N,N,N,N,
4183,Gerência Geral de Polícia Científica,23,,GGPOC,4122,N,N,N,N,N,
4185,UOP PRF - AGUA PRETA,15,,UOPPRF,,N,N,N,N,N,
4186,UOP PRF - SÃO CAETANO,15,,UOPPRF,,N,N,N,N,N,
4189,UOP PRF - TREVO DE IBO,15,,UOPPRF,,N,N,N,N,N,
4199,CENIP RECIFE,76,,CENIP RECIFE,,N,N,N,N,N,
4200,CENIP SANTA LUZIA,76,,CENIP SANTA LUZIA,,N,N,N,N,N,
4201,CENIP CARUARU,76,,CENIP CARUARU,,N,N,N,N,N,
4202,CENIP PETROLINA,76,,CENIP PETROLINA,,N,N,N,N,N,
4203,CASE CABO DE SANTO AGOSTINHO,76,,CASE CABO DE SANTO AGOSTINHO,,N,N,N,N,N,
4221,CENTRO DE OBS CRIMINOLÓGICA E TRIAGEM PROF EVERARDO LUNA - COTEL,16,,COTEL,,N,N,N,N,N,
4222,CENTRO DE RESSOCIALIZAÇÃO DO AGRESTE - CRA,16,,CRA,,N,N,N,N,N,
4223,COLÔNIA PENAL FEMININA DE ABREU E LIMA - CPFAL,16,,CPFAL,,N,N,N,N,N,
4224,COLÔNIA PENAL FEMININA DE BUÍQUE - CPFB,16,,CPFB,,N,N,N,N,N,
4232,PENITENCIARIA PROFESSOR BARRETO CAMPELO - PPBC,16,,PPBC ,,N,N,N,N,N,
4233,PRESÍDIO ADVOGADO BRITO ALVES - PABA,16,,PABA,,N,N,N,N,N,
4234,PRESÍDIO ASP MARCELO FRANCISCO ARAÚJO - PAMFA,16,,PAMFA,,N,N,N,N,N,
4235,PRESÍDIO DE IGARASSU - PI,16,,PI,,N,N,N,N,N,
4236,PRESÍDIO DE SALGUEIRO - PSAL,16,,PSAL,,N,N,N,N,N,
4237,PRESÍDIO DE SANTA CRUZ DO CAPIBARIBE - PSC,16,,PSC,,N,N,N,N,N,
4240,PRESÍDIO FREI DAMIÃO DE BOZZANO - PFDB,16,,PFDB,,N,N,N,N,N,
4241,PRESÍDIO JUIZ ANTÔNIO LUIZ LINS DE BARROS - PJALLB,16,,PJALLB,,N,N,N,N,N,
4242,PRESÍDIO RORINILDO DA ROCHA LEÃO - PRRL,16,,PRRL,,N,N,N,N,N,
4244,PRESÍDIO DE ITAQUITINGA - PIT,16,,PIT,,N,N,N,N,N,
4247,CADEIA PÚBLICA DE AGRESTINA,16,,CP - AGRESTINA,,N,N,N,N,N,
4248,CADEIA PÚBLICA DE ALIANÇA,16,,CP - ALIANÇA,,N,N,N,N,N,
4258,CADEIA PÚBLICA DE CAPOEIRAS,16,,CP - CAPOEIRAS,,N,N,N,N,N,
4259,CADEIA PÚBLICA DE CARNAÍBA,16,,CP - CARNAÍBA,,N,N,N,N,N,
4260,CADEIA PÚBLICA DE CARPINA,16,,CP - CARPINA,,N,N,N,N,N,
4261,CADEIA PÚBLICA DE CUSTÓDIA,16,,CP - CUSTÓDIA,,N,N,N,N,N,
4262,CADEIA PÚBLICA DE ESCADA,16,,CP - ESCADA,,N,N,N,N,N,
4264,CADEIA PÚBLICA DE FLORES,16,,CP - FLORES,,N,N,N,N,N,
4321,POLICIA CIVIL DO ESTADO DO PARANA,55,,PCPR,,N,N,N,N,N,
4329,POLICIA CIVIL DO ESTADO DO TOCANTINS,75,,PCTO,,N,N,N,N,N,
4392,"4º. BIESP - 3º BATALHÃO INTEGRADO ESPECIALIZADO DE POLICIAMENTO - BARREIROS",2,,"4º.BIESP",,N,S,N,N,N,
4373,DPMUL - 17ª DELEGACIA DE POLÍCIA DA MULHER - 17ª DEAM ARCOVERDE,1,,"17ª DEAM",4112,S,S,N,N,N,
4377,DELEGACIA DE REPRESSAO A INTOLERANCIA ESPORTIVA - DPRIE (UNIDADE MOVEL - ILHA DO RETIRO),1,,DPRIE - UNIDADE MOVEL - ILHA DO RETIRO,2173,S,N,N,N,N,
4149,"25º. BPM - 25º BATALHÃO DE POLÍCIA MILITAR ",2,,"25ºBPM",4118,S,S,N,N,N,
4150,"DINTER2 - 23ª DELEGACIA DE POLÍCIA DE HOMICÍDIOS - ARCOVERDE, DA 23A DPH-SERTÃO",1,,DINTER2 - 23ª DPH - ARCOVERDE,4117,S,N,N,N,N,
4151,"DINTER2 - 24ª DELEGACIA DE POLÍCIA DE HOMICÍDIOS - ARARIPINA, DA 24A DPH-SERTÃO",1,,DINTER2 - 24ª DPH - ARCOVERDE,4117,S,N,N,N,N,
4152,"DINTER2 - 25ª DELEGACIA DE POLÍCIA DE HOMICÍDIOS - PETROLINA, DA 25A DPH-SERTÃO",1,,DINTER2 - 25ª DPH - PETROLINA,4117,S,N,N,N,N,
4157,DENARC - 7ª DELEGACIA DE POLICIA DE REPRESSÃO AO NARCOTRÁFICO - 7ªDPRN ,1,,"7ªDPRN ",4122,N,N,N,N,N,
4158,DENARC - 8ª DELEGACIA DE POLICIA DE REPRESSÃO AO NARCOTRÁFICO - 8ªDPRN ,1,,"8ªDPRN",4122,S,N,N,N,N,
4182,SETOR DE CUMPRIMENTO DE MANDADOS,22,,,,N,N,N,N,N,
4193,DPRF - SERRA TALHADA,15,,DPRF,,N,N,N,N,N,
4196,DELEGACIA DE SALGUEIRO,11,,DPF,,N,N,N,N,N,
4197,DELEGACIA DE CARUARU,11,,DPF,,N,N,N,N,N,
4376,DELEGACIA DE REPRESSAO A INTOLERANCIA ESPORTIVA - DPRIE (UNIDADE MOVEL - ARRUDA),1,,DPRIE - UNIDADE MOVEL - ARRUDA,2173,S,N,N,N,N,
4378,DELEGACIA DE REPRESSAO A INTOLERANCIA ESPORTIVA - DPRIE (UNIDADE MOVEL - AFLITOS),1,,DPRIE - UNIDADE MOVEL - AFLITOS,2173,S,N,N,N,N,
4379,DEPARTAMENTO ESTADUAL DE TRÂNSITO DE PERNAMBUCO - DETRAN-PE,78,,DETRAN-PE,2107,N,N,N,N,N,
4382,SUINT- SUPERINTENDÊNCIA DE INTELIGENCIA LEGISLATIVA,80,,SUINT,,S,S,N,N,N,
